MCM_DECISION | long_score=-0.6695 short_score=0.1944 memory_center=-2.3527 memory_strength=17 self_state=stable attractor=defense felt_bearing_score=0.3008 felt_profile_label=recovering best_score=0.0000 reject_reason=defense_block
MCM_DECISION | long_score=0.7411 short_score=-1.9415 memory_center=-1.1284 memory_strength=26 self_state=stressed attractor=defense felt_bearing_score=0.5236 felt_profile_label=recovering best_score=0.7411 reject_reason=-
MCM_DECISION | long_score=-3.4886 short_score=1.2810 memory_center=-2.4556 memory_strength=49 self_state=stressed attractor=defense felt_bearing_score=0.5743 felt_profile_label=mixed_unclear best_score=1.2810 reject_reason=-
MCM_DECISION | long_score=-0.6761 short_score=-0.9566 memory_center=-1.5990 memory_strength=31 self_state=stressed attractor=defense felt_bearing_score=0.6055 felt_profile_label=mixed_unclear best_score=0.0000 reject_reason=fused_score_too_low
MCM_DECISION | long_score=-1.2905 short_score=0.1675 memory_center=1.4633 memory_strength=31 self_state=stressed attractor=neutral felt_bearing_score=0.6005 felt_profile_label=recovering best_score=0.0000 reject_reason=fused_score_too_low
MCM_DECISION | long_score=-1.9131 short_score=0.4688 memory_center=-0.4746 memory_strength=20 self_state=stressed attractor=defense felt_bearing_score=0.3837 felt_profile_label=mixed_unclear best_score=0.4688 reject_reason=-
MCM_DECISION | long_score=-2.9956 short_score=1.0824 memory_center=-1.3841 memory_strength=41 self_state=stressed attractor=defense felt_bearing_score=0.6071 felt_profile_label=recovering best_score=1.0824 reject_reason=-
MCM_DECISION | long_score=0.7932 short_score=-2.5784 memory_center=-2.4815 memory_strength=26 self_state=stressed attractor=defense felt_bearing_score=0.6132 felt_profile_label=mixed_unclear best_score=0.7932 reject_reason=-
MCM_DECISION | long_score=0.3860 short_score=-1.3333 memory_center=0.3840 memory_strength=16 self_state=stressed attractor=cooperate felt_bearing_score=0.6064 felt_profile_label=mixed_unclear best_score=0.3860 reject_reason=-
MCM_DECISION | long_score=-1.4322 short_score=-0.3114 memory_center=-1.3842 memory_strength=32 self_state=stressed attractor=defense felt_bearing_score=0.6072 felt_profile_label=mixed_unclear best_score=0.0000 reject_reason=stressed_block
MCM_DECISION | long_score=0.6563 short_score=-1.7415 memory_center=-1.2458 memory_strength=27 self_state=stressed attractor=defense felt_bearing_score=0.6164 felt_profile_label=recovering best_score=0.6563 reject_reason=-
MCM_DECISION | long_score=-0.6205 short_score=-0.7249 memory_center=1.3206 memory_strength=25 self_state=stressed attractor=neutral felt_bearing_score=0.5717 felt_profile_label=mixed_unclear best_score=0.0000 reject_reason=fused_score_too_low
MCM_DECISION | long_score=0.6014 short_score=-1.6981 memory_center=-1.3190 memory_strength=21 self_state=stressed attractor=defense felt_bearing_score=0.6137 felt_profile_label=mixed_unclear best_score=0.6014 reject_reason=-
MCM_DECISION | long_score=-2.5482 short_score=0.9288 memory_center=2.1592 memory_strength=20 self_state=stressed attractor=explore felt_bearing_score=0.5787 felt_profile_label=mixed_unclear best_score=0.9288 reject_reason=-
MCM_DECISION | long_score=0.1927 short_score=-1.6190 memory_center=-2.4668 memory_strength=36 self_state=stressed attractor=defense felt_bearing_score=0.6202 felt_profile_label=recovering best_score=0.1927 reject_reason=-
MCM_DECISION | long_score=-3.1391 short_score=1.3501 memory_center=-2.4663 memory_strength=22 self_state=stressed attractor=defense felt_bearing_score=0.5987 felt_profile_label=mixed_unclear best_score=1.3501 reject_reason=-
MCM_DECISION | long_score=-0.7448 short_score=-0.7141 memory_center=-2.4828 memory_strength=19 self_state=stressed attractor=defense felt_bearing_score=0.5857 felt_profile_label=mixed_unclear best_score=0.0000 reject_reason=fused_score_too_low
MCM_DECISION | long_score=-2.5180 short_score=0.3860 memory_center=-2.5003 memory_strength=43 self_state=stressed attractor=defense felt_bearing_score=0.6034 felt_profile_label=mixed_unclear best_score=0.3860 reject_reason=-
MCM_DECISION | long_score=-0.9478 short_score=-1.0079 memory_center=-2.4965 memory_strength=58 self_state=stressed attractor=defense felt_bearing_score=0.6065 felt_profile_label=recovering best_score=0.0000 reject_reason=stressed_block
MCM_DECISION | long_score=0.0117 short_score=-1.5508 memory_center=-1.4547 memory_strength=38 self_state=stressed attractor=defense felt_bearing_score=0.6277 felt_profile_label=mixed_unclear best_score=0.0000 reject_reason=fused_score_too_low
MCM_DECISION | long_score=-0.1571 short_score=-1.0688 memory_center=2.2207 memory_strength=26 self_state=stressed attractor=explore felt_bearing_score=0.3828 felt_profile_label=recovering best_score=0.0000 reject_reason=fused_score_too_low
MCM_DECISION | long_score=1.3273 short_score=-2.9695 memory_center=-0.5653 memory_strength=22 self_state=stressed attractor=defense felt_bearing_score=0.6017 felt_profile_label=mixed_unclear best_score=1.3273 reject_reason=-
MCM_DECISION | long_score=-2.7117 short_score=0.8773 memory_center=-0.6219 memory_strength=25 self_state=stressed attractor=defense felt_bearing_score=0.6092 felt_profile_label=mixed_unclear best_score=0.8773 reject_reason=-
MCM_DECISION | long_score=-2.4201 short_score=0.5681 memory_center=-1.1991 memory_strength=32 self_state=stressed attractor=defense felt_bearing_score=0.6138 felt_profile_label=mixed_unclear best_score=0.5681 reject_reason=-
MCM_DECISION | long_score=-2.4630 short_score=0.1474 memory_center=-2.3918 memory_strength=45 self_state=stressed attractor=defense felt_bearing_score=0.6105 felt_profile_label=mixed_unclear best_score=0.0000 reject_reason=fused_score_too_low
MCM_DECISION | long_score=-1.1200 short_score=-0.6746 memory_center=-2.4840 memory_strength=38 self_state=stressed attractor=defense felt_bearing_score=0.5831 felt_profile_label=mixed_unclear best_score=0.0000 reject_reason=fused_score_too_low
MCM_DECISION | long_score=-1.7889 short_score=0.8723 memory_center=-0.0433 memory_strength=16 self_state=stressed attractor=cooperate felt_bearing_score=0.6030 felt_profile_label=mixed_unclear best_score=0.8723 reject_reason=-
MCM_DECISION | long_score=1.6437 short_score=-3.1664 memory_center=2.3965 memory_strength=26 self_state=stressed attractor=explore felt_bearing_score=0.3773 felt_profile_label=recovering best_score=1.6437 reject_reason=-
MCM_DECISION | long_score=-0.7457 short_score=-0.5782 memory_center=1.4944 memory_strength=28 self_state=stressed attractor=neutral felt_bearing_score=0.6038 felt_profile_label=mixed_unclear best_score=0.0000 reject_reason=stressed_block
MCM_DECISION | long_score=1.1224 short_score=-3.1632 memory_center=1.1458 memory_strength=50 self_state=stressed attractor=cooperate felt_bearing_score=0.3788 felt_profile_label=mixed_unclear best_score=1.1224 reject_reason=-
MCM_DECISION | long_score=-1.4221 short_score=0.1444 memory_center=0.6752 memory_strength=26 self_state=stressed attractor=cooperate felt_bearing_score=0.5945 felt_profile_label=mixed_unclear best_score=0.0000 reject_reason=fused_score_too_low
MCM_DECISION | long_score=-2.1816 short_score=0.7219 memory_center=0.8335 memory_strength=37 self_state=stressed attractor=cooperate felt_bearing_score=0.6072 felt_profile_label=mixed_unclear best_score=0.7219 reject_reason=-
MCM_DECISION | long_score=-1.2446 short_score=0.0333 memory_center=0.6595 memory_strength=28 self_state=stressed attractor=cooperate felt_bearing_score=0.5914 felt_profile_label=mixed_unclear best_score=0.0000 reject_reason=fused_score_too_low
MCM_DECISION | long_score=-0.9823 short_score=-0.4372 memory_center=1.4449 memory_strength=20 self_state=stressed attractor=neutral felt_bearing_score=0.5747 felt_profile_label=mixed_unclear best_score=0.0000 reject_reason=fused_score_too_low
MCM_DECISION | long_score=-1.1255 short_score=0.0950 memory_center=1.4235 memory_strength=27 self_state=stressed attractor=neutral felt_bearing_score=0.5992 felt_profile_label=mixed_unclear best_score=0.0000 reject_reason=stressed_block
MCM_DECISION | long_score=0.3146 short_score=-1.3337 memory_center=-2.1338 memory_strength=19 self_state=stressed attractor=defense felt_bearing_score=0.6033 felt_profile_label=mixed_unclear best_score=0.3146 reject_reason=-
MCM_DECISION | long_score=-2.4086 short_score=0.5146 memory_center=-1.1381 memory_strength=28 self_state=stressed attractor=defense felt_bearing_score=0.5891 felt_profile_label=mixed_unclear best_score=0.5146 reject_reason=-
MCM_DECISION | long_score=0.7706 short_score=-2.3662 memory_center=2.3193 memory_strength=25 self_state=stressed attractor=explore felt_bearing_score=0.5895 felt_profile_label=mixed_unclear best_score=0.7706 reject_reason=-
MCM_DECISION | long_score=0.6741 short_score=-2.4365 memory_center=2.3253 memory_strength=51 self_state=stressed attractor=explore felt_bearing_score=0.5936 felt_profile_label=recovering best_score=0.6741 reject_reason=-
MCM_DECISION | long_score=0.2456 short_score=-1.7282 memory_center=1.1803 memory_strength=27 self_state=stressed attractor=cooperate felt_bearing_score=0.6103 felt_profile_label=mixed_unclear best_score=0.2456 reject_reason=-
MCM_DECISION | long_score=-0.4880 short_score=-1.1156 memory_center=-2.2981 memory_strength=25 self_state=stressed attractor=defense felt_bearing_score=0.3792 felt_profile_label=mixed_unclear best_score=0.0000 reject_reason=fused_score_too_low
MCM_DECISION | long_score=-1.8974 short_score=0.9365 memory_center=2.0390 memory_strength=17 self_state=stressed attractor=explore felt_bearing_score=0.6388 felt_profile_label=mixed_unclear best_score=0.9365 reject_reason=-
MCM_DECISION | long_score=-2.2621 short_score=1.1174 memory_center=0.3164 memory_strength=23 self_state=stressed attractor=cooperate felt_bearing_score=0.6049 felt_profile_label=recovering best_score=1.1174 reject_reason=-
MCM_DECISION | long_score=0.2714 short_score=-1.9248 memory_center=-2.1266 memory_strength=37 self_state=stressed attractor=defense felt_bearing_score=0.6214 felt_profile_label=mixed_unclear best_score=0.2714 reject_reason=-
MCM_DECISION | long_score=-1.2928 short_score=0.2513 memory_center=0.9134 memory_strength=21 self_state=stressed attractor=cooperate felt_bearing_score=0.6296 felt_profile_label=mixed_unclear best_score=0.2513 reject_reason=-
MCM_DECISION | long_score=-1.0695 short_score=-0.2544 memory_center=2.2316 memory_strength=31 self_state=stressed attractor=explore felt_bearing_score=0.6208 felt_profile_label=mixed_unclear best_score=0.0000 reject_reason=fused_score_too_low
MCM_DECISION | long_score=-0.5689 short_score=-0.6883 memory_center=2.0530 memory_strength=19 self_state=stressed attractor=explore felt_bearing_score=0.3723 felt_profile_label=mixed_unclear best_score=0.0000 reject_reason=fused_score_too_low
MCM_DECISION | long_score=-1.5736 short_score=0.3877 memory_center=-1.6603 memory_strength=22 self_state=stressed attractor=defense felt_bearing_score=0.6041 felt_profile_label=mixed_unclear best_score=0.3877 reject_reason=-
MCM_DECISION | long_score=-0.2886 short_score=-1.0497 memory_center=-0.8240 memory_strength=28 self_state=stressed attractor=defense felt_bearing_score=0.5948 felt_profile_label=mixed_unclear best_score=0.0000 reject_reason=fused_score_too_low
MCM_DECISION | long_score=-2.4410 short_score=0.6897 memory_center=-2.4703 memory_strength=35 self_state=stressed attractor=defense felt_bearing_score=0.5869 felt_profile_label=recovering best_score=0.6897 reject_reason=-
MCM_DECISION | long_score=-0.0230 short_score=-1.7664 memory_center=-2.3820 memory_strength=31 self_state=stressed attractor=defense felt_bearing_score=0.5881 felt_profile_label=mixed_unclear best_score=0.0000 reject_reason=fused_score_too_low
MCM_DECISION | long_score=0.1847 short_score=-1.8274 memory_center=-2.4387 memory_strength=35 self_state=stressed attractor=defense felt_bearing_score=0.5884 felt_profile_label=mixed_unclear best_score=0.1847 reject_reason=-
MCM_DECISION | long_score=0.0817 short_score=-1.3901 memory_center=-0.2132 memory_strength=21 self_state=stressed attractor=cooperate felt_bearing_score=0.5916 felt_profile_label=mixed_unclear best_score=0.0000 reject_reason=stressed_block
MCM_DECISION | long_score=0.4306 short_score=-1.8097 memory_center=0.7582 memory_strength=25 self_state=stressed attractor=cooperate felt_bearing_score=0.3769 felt_profile_label=mixed_unclear best_score=0.4306 reject_reason=-
MCM_DECISION | long_score=-0.5203 short_score=-0.9877 memory_center=1.3701 memory_strength=33 self_state=stressed attractor=neutral felt_bearing_score=0.6061 felt_profile_label=mixed_unclear best_score=0.0000 reject_reason=fused_score_too_low
MCM_DECISION | long_score=-0.3473 short_score=-1.2025 memory_center=-1.0091 memory_strength=28 self_state=stressed attractor=defense felt_bearing_score=0.6026 felt_profile_label=mixed_unclear best_score=0.0000 reject_reason=fused_score_too_low
MCM_DECISION | long_score=-2.3901 short_score=0.5598 memory_center=-1.3255 memory_strength=32 self_state=stressed attractor=defense felt_bearing_score=0.5978 felt_profile_label=mixed_unclear best_score=0.5598 reject_reason=-
MCM_DECISION | long_score=-3.1278 short_score=1.2946 memory_center=-2.2197 memory_strength=32 self_state=stressed attractor=defense felt_bearing_score=0.6121 felt_profile_label=mixed_unclear best_score=1.2946 reject_reason=-
MCM_DECISION | long_score=0.6224 short_score=-1.7984 memory_center=-1.4766 memory_strength=28 self_state=stressed attractor=defense felt_bearing_score=0.6012 felt_profile_label=mixed_unclear best_score=0.6224 reject_reason=-
MCM_DECISION | long_score=-0.6672 short_score=-0.7091 memory_center=1.4918 memory_strength=26 self_state=stressed attractor=neutral felt_bearing_score=0.5885 felt_profile_label=mixed_unclear best_score=0.0000 reject_reason=stressed_block
MCM_DECISION | long_score=0.9846 short_score=-2.4919 memory_center=1.4124 memory_strength=23 self_state=stressed attractor=neutral felt_bearing_score=0.5830 felt_profile_label=mixed_unclear best_score=0.9846 reject_reason=-
MCM_DECISION | long_score=-2.0319 short_score=0.9617 memory_center=1.2780 memory_strength=26 self_state=stressed attractor=neutral felt_bearing_score=0.6062 felt_profile_label=mixed_unclear best_score=0.9617 reject_reason=-
MCM_DECISION | long_score=-1.2274 short_score=0.4384 memory_center=1.2588 memory_strength=19 self_state=stressed attractor=neutral felt_bearing_score=0.3738 felt_profile_label=recovering best_score=0.4384 reject_reason=-
MCM_DECISION | long_score=-0.0432 short_score=-1.6601 memory_center=-1.9253 memory_strength=30 self_state=stressed attractor=defense felt_bearing_score=0.6045 felt_profile_label=mixed_unclear best_score=0.0000 reject_reason=fused_score_too_low
MCM_DECISION | long_score=-0.4017 short_score=-1.2909 memory_center=-1.4867 memory_strength=33 self_state=stressed attractor=defense felt_bearing_score=0.5991 felt_profile_label=mixed_unclear best_score=0.0000 reject_reason=fused_score_too_low
MCM_DECISION | long_score=-2.3747 short_score=0.2079 memory_center=-2.4414 memory_strength=49 self_state=stressed attractor=defense felt_bearing_score=0.6065 felt_profile_label=mixed_unclear best_score=0.2079 reject_reason=-
MCM_DECISION | long_score=-3.3115 short_score=1.0001 memory_center=-2.1644 memory_strength=49 self_state=stressed attractor=defense felt_bearing_score=0.3844 felt_profile_label=mixed_unclear best_score=1.0001 reject_reason=-
MCM_DECISION | long_score=-0.1382 short_score=-1.2534 memory_center=-2.3077 memory_strength=37 self_state=stressed attractor=defense felt_bearing_score=0.6240 felt_profile_label=mixed_unclear best_score=0.0000 reject_reason=fused_score_too_low
MCM_DECISION | long_score=0.2973 short_score=-1.9052 memory_center=-1.2294 memory_strength=28 self_state=stressed attractor=defense felt_bearing_score=0.6001 felt_profile_label=mixed_unclear best_score=0.2973 reject_reason=-
MCM_DECISION | long_score=0.7459 short_score=-2.6168 memory_center=0.4044 memory_strength=43 self_state=stressed attractor=cooperate felt_bearing_score=0.5958 felt_profile_label=mixed_unclear best_score=0.7459 reject_reason=-
MCM_DECISION | long_score=0.3158 short_score=-1.7451 memory_center=0.4927 memory_strength=32 self_state=stressed attractor=cooperate felt_bearing_score=0.3595 felt_profile_label=mixed_unclear best_score=0.3158 reject_reason=-
MCM_DECISION | long_score=-1.1497 short_score=0.1601 memory_center=-0.0552 memory_strength=21 self_state=stressed attractor=cooperate felt_bearing_score=0.5985 felt_profile_label=mixed_unclear best_score=0.0000 reject_reason=fused_score_too_low
MCM_DECISION | long_score=0.1995 short_score=-1.5379 memory_center=0.0132 memory_strength=32 self_state=stressed attractor=cooperate felt_bearing_score=0.6113 felt_profile_label=mixed_unclear best_score=0.1995 reject_reason=-
MCM_DECISION | long_score=1.1100 short_score=-2.7304 memory_center=2.1635 memory_strength=29 self_state=stressed attractor=explore felt_bearing_score=0.6289 felt_profile_label=mixed_unclear best_score=1.1100 reject_reason=-
MCM_DECISION | long_score=1.4117 short_score=-2.7213 memory_center=1.5575 memory_strength=23 self_state=stressed attractor=neutral felt_bearing_score=0.3799 felt_profile_label=mixed_unclear best_score=1.4117 reject_reason=-
MCM_DECISION | long_score=-0.7274 short_score=-0.3104 memory_center=1.2943 memory_strength=24 self_state=stressed attractor=neutral felt_bearing_score=0.6081 felt_profile_label=mixed_unclear best_score=0.0000 reject_reason=fused_score_too_low
MCM_DECISION | long_score=0.6271 short_score=-2.1145 memory_center=-1.2450 memory_strength=20 self_state=stressed attractor=defense felt_bearing_score=0.6012 felt_profile_label=mixed_unclear best_score=0.6271 reject_reason=-
MCM_DECISION | long_score=0.5521 short_score=-1.6703 memory_center=0.5007 memory_strength=28 self_state=stressed attractor=cooperate felt_bearing_score=0.5983 felt_profile_label=mixed_unclear best_score=0.5521 reject_reason=-
MCM_DECISION | long_score=-2.3105 short_score=0.6738 memory_center=-2.4431 memory_strength=25 self_state=stressed attractor=defense felt_bearing_score=0.5999 felt_profile_label=mixed_unclear best_score=0.6738 reject_reason=-
MCM_DECISION | long_score=-0.6467 short_score=-1.2671 memory_center=-2.4389 memory_strength=54 self_state=stressed attractor=defense felt_bearing_score=0.6141 felt_profile_label=recovering best_score=0.0000 reject_reason=fused_score_too_low
MCM_DECISION | long_score=0.6307 short_score=-1.7868 memory_center=0.7791 memory_strength=20 self_state=stressed attractor=cooperate felt_bearing_score=0.5968 felt_profile_label=mixed_unclear best_score=0.6307 reject_reason=-
MCM_DECISION | long_score=0.1023 short_score=-1.2965 memory_center=2.0094 memory_strength=26 self_state=stressed attractor=explore felt_bearing_score=0.6010 felt_profile_label=mixed_unclear best_score=0.0000 reject_reason=fused_score_too_low
MCM_DECISION | long_score=0.0492 short_score=-1.4204 memory_center=0.9270 memory_strength=26 self_state=stressed attractor=cooperate felt_bearing_score=0.5943 felt_profile_label=mixed_unclear best_score=0.0000 reject_reason=fused_score_too_low
MCM_DECISION | long_score=-1.1599 short_score=0.1392 memory_center=1.1989 memory_strength=33 self_state=stressed attractor=cooperate felt_bearing_score=0.5960 felt_profile_label=recovering best_score=0.0000 reject_reason=fused_score_too_low
MCM_DECISION | long_score=-2.1367 short_score=0.5688 memory_center=-2.3282 memory_strength=25 self_state=stressed attractor=defense felt_bearing_score=0.5974 felt_profile_label=mixed_unclear best_score=0.5688 reject_reason=-
MCM_DECISION | long_score=0.7762 short_score=-2.2440 memory_center=1.1477 memory_strength=33 self_state=stressed attractor=cooperate felt_bearing_score=0.6118 felt_profile_label=mixed_unclear best_score=0.7762 reject_reason=-
MCM_DECISION | long_score=0.4787 short_score=-1.6976 memory_center=2.3134 memory_strength=26 self_state=stressed attractor=explore felt_bearing_score=0.5956 felt_profile_label=recovering best_score=0.4787 reject_reason=-
MCM_DECISION | long_score=-2.4709 short_score=1.1479 memory_center=1.1386 memory_strength=25 self_state=stressed attractor=cooperate felt_bearing_score=0.6049 felt_profile_label=mixed_unclear best_score=1.1479 reject_reason=-
MCM_DECISION | long_score=-2.1571 short_score=0.3594 memory_center=-0.5988 memory_strength=32 self_state=stressed attractor=defense felt_bearing_score=0.6350 felt_profile_label=recovering best_score=0.3594 reject_reason=-
MCM_DECISION | long_score=-3.1537 short_score=1.3631 memory_center=-1.4446 memory_strength=26 self_state=stressed attractor=defense felt_bearing_score=0.6053 felt_profile_label=mixed_unclear best_score=1.3631 reject_reason=-
MCM_DECISION | long_score=-1.1878 short_score=-0.9204 memory_center=-2.4504 memory_strength=51 self_state=stressed attractor=defense felt_bearing_score=0.3834 felt_profile_label=mixed_unclear best_score=0.0000 reject_reason=fused_score_too_low
MCM_DECISION | long_score=0.7231 short_score=-1.8678 memory_center=0.1251 memory_strength=26 self_state=stressed attractor=cooperate felt_bearing_score=0.6168 felt_profile_label=mixed_unclear best_score=0.7231 reject_reason=-
MCM_DECISION | long_score=0.9008 short_score=-2.1120 memory_center=0.6178 memory_strength=23 self_state=stressed attractor=cooperate felt_bearing_score=0.6071 felt_profile_label=mixed_unclear best_score=0.9008 reject_reason=-
MCM_DECISION | long_score=0.0104 short_score=-1.2899 memory_center=2.2774 memory_strength=25 self_state=stressed attractor=explore felt_bearing_score=0.3768 felt_profile_label=mixed_unclear best_score=0.0000 reject_reason=fused_score_too_low
MCM_DECISION | long_score=-1.7212 short_score=0.3938 memory_center=0.1603 memory_strength=27 self_state=stressed attractor=cooperate felt_bearing_score=0.6020 felt_profile_label=mixed_unclear best_score=0.3938 reject_reason=-
MCM_DECISION | long_score=-2.6443 short_score=0.7771 memory_center=-1.1400 memory_strength=31 self_state=stressed attractor=defense felt_bearing_score=0.5983 felt_profile_label=mixed_unclear best_score=0.7771 reject_reason=-
MCM_DECISION | long_score=0.0420 short_score=-1.4743 memory_center=2.3592 memory_strength=25 self_state=stressed attractor=explore felt_bearing_score=0.5899 felt_profile_label=mixed_unclear best_score=0.0000 reject_reason=fused_score_too_low
MCM_DECISION | long_score=-1.9383 short_score=0.6140 memory_center=1.4458 memory_strength=24 self_state=stressed attractor=neutral felt_bearing_score=0.5892 felt_profile_label=mixed_unclear best_score=0.6140 reject_reason=-
MCM_DECISION | long_score=-1.3910 short_score=0.2107 memory_center=2.2958 memory_strength=27 self_state=stressed attractor=explore felt_bearing_score=0.5973 felt_profile_label=mixed_unclear best_score=0.2107 reject_reason=-
MCM_DECISION | long_score=-0.9564 short_score=-0.5580 memory_center=-1.7293 memory_strength=25 self_state=stressed attractor=defense felt_bearing_score=0.3999 felt_profile_label=mixed_unclear best_score=0.0000 reject_reason=fused_score_too_low
MCM_DECISION | long_score=-0.9676 short_score=-0.4538 memory_center=-0.8391 memory_strength=29 self_state=stressed attractor=defense felt_bearing_score=0.6071 felt_profile_label=mixed_unclear best_score=0.0000 reject_reason=fused_score_too_low
MCM_DECISION | long_score=1.1721 short_score=-2.6958 memory_center=0.6656 memory_strength=26 self_state=stressed attractor=cooperate felt_bearing_score=0.6139 felt_profile_label=mixed_unclear best_score=1.1721 reject_reason=-
MCM_DECISION | long_score=-1.2112 short_score=-0.0614 memory_center=0.2024 memory_strength=19 self_state=stressed attractor=cooperate felt_bearing_score=0.6119 felt_profile_label=mixed_unclear best_score=0.0000 reject_reason=stressed_block
MCM_DECISION | long_score=-2.8753 short_score=0.8972 memory_center=-2.0508 memory_strength=31 self_state=stressed attractor=defense felt_bearing_score=0.5973 felt_profile_label=mixed_unclear best_score=0.8972 reject_reason=-
MCM_DECISION | long_score=-2.7847 short_score=0.9712 memory_center=-1.3247 memory_strength=34 self_state=stressed attractor=defense felt_bearing_score=0.5920 felt_profile_label=recovering best_score=0.9712 reject_reason=-
MCM_DECISION | long_score=1.5285 short_score=-3.0212 memory_center=1.2089 memory_strength=25 self_state=stressed attractor=neutral felt_bearing_score=0.6172 felt_profile_label=mixed_unclear best_score=1.5285 reject_reason=-
MCM_DECISION | long_score=0.6138 short_score=-2.0885 memory_center=-1.3152 memory_strength=22 self_state=stressed attractor=defense felt_bearing_score=0.5976 felt_profile_label=mixed_unclear best_score=0.6138 reject_reason=-
MCM_DECISION | long_score=-2.4168 short_score=0.4067 memory_center=-1.5792 memory_strength=34 self_state=stressed attractor=defense felt_bearing_score=0.6035 felt_profile_label=mixed_unclear best_score=0.4067 reject_reason=-
MCM_DECISION | long_score=-0.6404 short_score=-0.9158 memory_center=-1.3979 memory_strength=23 self_state=stressed attractor=defense felt_bearing_score=0.6065 felt_profile_label=mixed_unclear best_score=0.0000 reject_reason=fused_score_too_low
MCM_DECISION | long_score=1.1357 short_score=-2.5372 memory_center=1.1484 memory_strength=30 self_state=stressed attractor=cooperate felt_bearing_score=0.6000 felt_profile_label=recovering best_score=1.1357 reject_reason=-
MCM_DECISION | long_score=-2.1008 short_score=0.8383 memory_center=2.3117 memory_strength=37 self_state=stressed attractor=explore felt_bearing_score=0.5993 felt_profile_label=mixed_unclear best_score=0.8383 reject_reason=-
MCM_DECISION | long_score=-1.6349 short_score=0.5595 memory_center=0.4541 memory_strength=21 self_state=stressed attractor=cooperate felt_bearing_score=0.5916 felt_profile_label=mixed_unclear best_score=0.5595 reject_reason=-
MCM_DECISION | long_score=-1.7258 short_score=-0.1153 memory_center=-2.4799 memory_strength=41 self_state=stressed attractor=defense felt_bearing_score=0.5941 felt_profile_label=recovering best_score=0.0000 reject_reason=fused_score_too_low
MCM_DECISION | long_score=-0.3058 short_score=-1.0516 memory_center=-2.3437 memory_strength=32 self_state=stressed attractor=defense felt_bearing_score=0.6074 felt_profile_label=mixed_unclear best_score=0.0000 reject_reason=fused_score_too_low
MCM_DECISION | long_score=-1.4147 short_score=-0.4909 memory_center=-1.9116 memory_strength=34 self_state=stressed attractor=defense felt_bearing_score=0.6118 felt_profile_label=mixed_unclear best_score=0.0000 reject_reason=fused_score_too_low
MCM_DECISION | long_score=-1.6720 short_score=0.7717 memory_center=1.3549 memory_strength=25 self_state=stressed attractor=neutral felt_bearing_score=0.6025 felt_profile_label=recovering best_score=0.7717 reject_reason=-
MCM_DECISION | long_score=0.5542 short_score=-2.1157 memory_center=-1.0396 memory_strength=36 self_state=stressed attractor=defense felt_bearing_score=0.3709 felt_profile_label=mixed_unclear best_score=0.5542 reject_reason=-
MCM_DECISION | long_score=-0.5691 short_score=-0.6079 memory_center=1.4623 memory_strength=33 self_state=stressed attractor=neutral felt_bearing_score=0.6014 felt_profile_label=recovering best_score=0.0000 reject_reason=stressed_block
MCM_DECISION | long_score=1.5532 short_score=-2.9901 memory_center=2.2160 memory_strength=33 self_state=stressed attractor=explore felt_bearing_score=0.5986 felt_profile_label=recovering best_score=1.5532 reject_reason=-
MCM_DECISION | long_score=-1.6324 short_score=0.0278 memory_center=1.2905 memory_strength=22 self_state=stressed attractor=neutral felt_bearing_score=0.6386 felt_profile_label=mixed_unclear best_score=0.0000 reject_reason=fused_score_too_low
MCM_DECISION | long_score=-3.1321 short_score=1.4786 memory_center=-2.4197 memory_strength=18 self_state=stressed attractor=defense felt_bearing_score=0.6136 felt_profile_label=mixed_unclear best_score=1.4786 reject_reason=-
MCM_DECISION | long_score=-2.5803 short_score=1.0387 memory_center=-0.0715 memory_strength=20 self_state=stressed attractor=cooperate felt_bearing_score=0.6046 felt_profile_label=mixed_unclear best_score=1.0387 reject_reason=-
MCM_DECISION | long_score=-0.3158 short_score=-1.0069 memory_center=-0.9974 memory_strength=29 self_state=stressed attractor=defense felt_bearing_score=0.6259 felt_profile_label=mixed_unclear best_score=0.0000 reject_reason=fused_score_too_low
MCM_DECISION | long_score=0.6250 short_score=-2.0489 memory_center=-1.5815 memory_strength=25 self_state=stressed attractor=defense felt_bearing_score=0.6188 felt_profile_label=mixed_unclear best_score=0.6250 reject_reason=-
MCM_DECISION | long_score=-1.9867 short_score=0.2400 memory_center=-0.8709 memory_strength=30 self_state=stressed attractor=defense felt_bearing_score=0.6051 felt_profile_label=mixed_unclear best_score=0.2400 reject_reason=-
MCM_DECISION | long_score=1.0007 short_score=-2.3097 memory_center=2.2944 memory_strength=21 self_state=stressed attractor=explore felt_bearing_score=0.3737 felt_profile_label=recovering best_score=1.0007 reject_reason=-
MCM_DECISION | long_score=-2.0721 short_score=0.3337 memory_center=1.2933 memory_strength=47 self_state=stressed attractor=neutral felt_bearing_score=0.6574 felt_profile_label=mixed_unclear best_score=0.3337 reject_reason=-
MCM_DECISION | long_score=-1.8274 short_score=0.1128 memory_center=-0.8912 memory_strength=28 self_state=stressed attractor=defense felt_bearing_score=0.6130 felt_profile_label=mixed_unclear best_score=0.0000 reject_reason=fused_score_too_low
MCM_DECISION | long_score=1.3478 short_score=-2.8916 memory_center=-0.3116 memory_strength=19 self_state=stressed attractor=defense felt_bearing_score=0.5731 felt_profile_label=mixed_unclear best_score=1.3478 reject_reason=-
MCM_DECISION | long_score=-1.3227 short_score=0.0013 memory_center=1.2162 memory_strength=37 self_state=stressed attractor=neutral felt_bearing_score=0.3773 felt_profile_label=mixed_unclear best_score=0.0000 reject_reason=stressed_block
MCM_DECISION | long_score=-2.5843 short_score=0.7312 memory_center=-1.4472 memory_strength=40 self_state=stressed attractor=defense felt_bearing_score=0.6021 felt_profile_label=mixed_unclear best_score=0.7312 reject_reason=-
MCM_DECISION | long_score=-0.5220 short_score=-0.9755 memory_center=-2.4806 memory_strength=42 self_state=stressed attractor=defense felt_bearing_score=0.6127 felt_profile_label=recovering best_score=0.0000 reject_reason=fused_score_too_low
MCM_DECISION | long_score=-2.5411 short_score=0.4341 memory_center=-2.3609 memory_strength=54 self_state=stressed attractor=defense felt_bearing_score=0.6252 felt_profile_label=mixed_unclear best_score=0.4341 reject_reason=-
MCM_DECISION | long_score=-3.0746 short_score=0.8513 memory_center=-2.2774 memory_strength=45 self_state=stressed attractor=defense felt_bearing_score=0.6521 felt_profile_label=mixed_unclear best_score=0.8513 reject_reason=-
MCM_DECISION | long_score=0.1607 short_score=-1.5421 memory_center=1.6161 memory_strength=33 self_state=stressed attractor=explore felt_bearing_score=0.6158 felt_profile_label=mixed_unclear best_score=0.0000 reject_reason=stressed_block
MCM_DECISION | long_score=-2.2510 short_score=0.6184 memory_center=-2.3651 memory_strength=26 self_state=stressed attractor=defense felt_bearing_score=0.6036 felt_profile_label=mixed_unclear best_score=0.6184 reject_reason=-
MCM_DECISION | long_score=-0.6791 short_score=-1.1255 memory_center=-1.2025 memory_strength=33 self_state=stressed attractor=defense felt_bearing_score=0.6086 felt_profile_label=mixed_unclear best_score=0.0000 reject_reason=fused_score_too_low
MCM_DECISION | long_score=-0.5237 short_score=-1.4418 memory_center=-2.4599 memory_strength=51 self_state=stressed attractor=defense felt_bearing_score=0.6107 felt_profile_label=mixed_unclear best_score=0.0000 reject_reason=fused_score_too_low
MCM_DECISION | long_score=-1.9732 short_score=0.1746 memory_center=-0.7087 memory_strength=32 self_state=stressed attractor=defense felt_bearing_score=0.5756 felt_profile_label=mixed_unclear best_score=0.0000 reject_reason=fused_score_too_low
MCM_DECISION | long_score=-1.1671 short_score=-0.0830 memory_center=0.4673 memory_strength=26 self_state=stressed attractor=cooperate felt_bearing_score=0.5821 felt_profile_label=mixed_unclear best_score=0.0000 reject_reason=fused_score_too_low
MCM_DECISION | long_score=-1.5648 short_score=0.5118 memory_center=1.0333 memory_strength=20 self_state=stressed attractor=cooperate felt_bearing_score=0.6088 felt_profile_label=mixed_unclear best_score=0.5118 reject_reason=-
MCM_DECISION | long_score=-0.5056 short_score=-0.7151 memory_center=1.0425 memory_strength=28 self_state=stressed attractor=cooperate felt_bearing_score=0.6066 felt_profile_label=mixed_unclear best_score=0.0000 reject_reason=stressed_block
MCM_DECISION | long_score=0.6501 short_score=-1.6948 memory_center=0.8019 memory_strength=22 self_state=stressed attractor=cooperate felt_bearing_score=0.6028 felt_profile_label=mixed_unclear best_score=0.6501 reject_reason=-
MCM_DECISION | long_score=-1.9640 short_score=0.4121 memory_center=-0.3069 memory_strength=21 self_state=stressed attractor=defense felt_bearing_score=0.6041 felt_profile_label=mixed_unclear best_score=0.4121 reject_reason=-
MCM_DECISION | long_score=-0.1480 short_score=-1.8906 memory_center=-2.4465 memory_strength=55 self_state=stressed attractor=defense felt_bearing_score=0.6291 felt_profile_label=mixed_unclear best_score=0.0000 reject_reason=fused_score_too_low
MCM_DECISION | long_score=-2.1525 short_score=0.3579 memory_center=-1.4941 memory_strength=25 self_state=stressed attractor=defense felt_bearing_score=0.5876 felt_profile_label=mixed_unclear best_score=0.3579 reject_reason=-
MCM_DECISION | long_score=-1.0842 short_score=-0.0528 memory_center=0.2306 memory_strength=25 self_state=stressed attractor=cooperate felt_bearing_score=0.6142 felt_profile_label=mixed_unclear best_score=0.0000 reject_reason=stressed_block
MCM_DECISION | long_score=-0.9952 short_score=-0.6210 memory_center=-2.3099 memory_strength=26 self_state=stressed attractor=defense felt_bearing_score=0.3840 felt_profile_label=mixed_unclear best_score=0.0000 reject_reason=stressed_block
MCM_DECISION | long_score=-0.0023 short_score=-1.0352 memory_center=-0.1076 memory_strength=24 self_state=stressed attractor=cooperate felt_bearing_score=0.6115 felt_profile_label=mixed_unclear best_score=0.0000 reject_reason=fused_score_too_low
MCM_DECISION | long_score=-2.6000 short_score=1.1009 memory_center=-2.0249 memory_strength=22 self_state=stressed attractor=defense felt_bearing_score=0.6092 felt_profile_label=mixed_unclear best_score=1.1009 reject_reason=-
MCM_DECISION | long_score=-0.1158 short_score=-1.2938 memory_center=-2.1294 memory_strength=26 self_state=stressed attractor=defense felt_bearing_score=0.6024 felt_profile_label=mixed_unclear best_score=0.0000 reject_reason=fused_score_too_low
MCM_DECISION | long_score=0.0163 short_score=-1.5051 memory_center=-2.4539 memory_strength=33 self_state=stressed attractor=defense felt_bearing_score=0.5860 felt_profile_label=recovering best_score=0.0000 reject_reason=fused_score_too_low
MCM_DECISION | long_score=0.9437 short_score=-1.9193 memory_center=0.2547 memory_strength=21 self_state=stressed attractor=cooperate felt_bearing_score=0.5771 felt_profile_label=mixed_unclear best_score=0.9437 reject_reason=-
MCM_DECISION | long_score=0.4872 short_score=-2.1625 memory_center=-1.5852 memory_strength=33 self_state=stressed attractor=defense felt_bearing_score=0.5991 felt_profile_label=mixed_unclear best_score=0.4872 reject_reason=-
MCM_DECISION | long_score=-1.7750 short_score=0.4077 memory_center=0.7297 memory_strength=37 self_state=stressed attractor=cooperate felt_bearing_score=0.5997 felt_profile_label=mixed_unclear best_score=0.4077 reject_reason=-
MCM_DECISION | long_score=1.1734 short_score=-2.4820 memory_center=0.7783 memory_strength=19 self_state=stressed attractor=cooperate felt_bearing_score=0.5986 felt_profile_label=mixed_unclear best_score=1.1734 reject_reason=-
MCM_DECISION | long_score=1.3191 short_score=-2.6516 memory_center=2.3916 memory_strength=22 self_state=stressed attractor=explore felt_bearing_score=0.5974 felt_profile_label=recovering best_score=1.3191 reject_reason=-
MCM_DECISION | long_score=-1.2631 short_score=-0.1479 memory_center=2.2234 memory_strength=22 self_state=stressed attractor=explore felt_bearing_score=0.6024 felt_profile_label=mixed_unclear best_score=0.0000 reject_reason=fused_score_too_low
MCM_DECISION | long_score=-0.4720 short_score=-1.0302 memory_center=-1.2831 memory_strength=20 self_state=stressed attractor=defense felt_bearing_score=0.6039 felt_profile_label=mixed_unclear best_score=0.0000 reject_reason=stressed_block
MCM_DECISION | long_score=1.2867 short_score=-2.7792 memory_center=-1.2677 memory_strength=16 self_state=stressed attractor=defense felt_bearing_score=0.5924 felt_profile_label=mixed_unclear best_score=1.2867 reject_reason=-
MCM_DECISION | long_score=-1.6438 short_score=0.2524 memory_center=-0.5201 memory_strength=22 self_state=stressed attractor=defense felt_bearing_score=0.6167 felt_profile_label=mixed_unclear best_score=0.2524 reject_reason=-
MCM_DECISION | long_score=-1.8306 short_score=-0.2383 memory_center=-2.4935 memory_strength=36 self_state=stressed attractor=defense felt_bearing_score=0.6044 felt_profile_label=mixed_unclear best_score=0.0000 reject_reason=fused_score_too_low
MCM_DECISION | long_score=-1.2211 short_score=-0.7090 memory_center=-2.4881 memory_strength=63 self_state=stressed attractor=defense felt_bearing_score=0.3831 felt_profile_label=recovering best_score=0.0000 reject_reason=fused_score_too_low
MCM_DECISION | long_score=-0.4139 short_score=-1.4969 memory_center=-2.4048 memory_strength=53 self_state=stressed attractor=defense felt_bearing_score=0.6345 felt_profile_label=mixed_unclear best_score=0.0000 reject_reason=fused_score_too_low
MCM_DECISION | long_score=-1.5786 short_score=0.4813 memory_center=0.8814 memory_strength=30 self_state=stressed attractor=cooperate felt_bearing_score=0.6033 felt_profile_label=mixed_unclear best_score=0.4813 reject_reason=-
MCM_DECISION | long_score=0.2254 short_score=-1.0219 memory_center=1.3658 memory_strength=26 self_state=active attractor=neutral felt_bearing_score=0.3852 felt_profile_label=mixed_unclear best_score=0.2254 reject_reason=-
MCM_DECISION | long_score=-0.5943 short_score=-0.3923 memory_center=-2.7154 memory_strength=28 self_state=active attractor=defense felt_bearing_score=0.6120 felt_profile_label=recovering best_score=0.0000 reject_reason=defense_block
MCM_DECISION | long_score=0.4743 short_score=-1.8387 memory_center=-2.5168 memory_strength=31 self_state=stressed attractor=defense felt_bearing_score=0.6110 felt_profile_label=mixed_unclear best_score=0.4743 reject_reason=-
MCM_DECISION | long_score=-0.1528 short_score=-1.3169 memory_center=-1.3997 memory_strength=21 self_state=stressed attractor=defense felt_bearing_score=0.6289 felt_profile_label=mixed_unclear best_score=0.0000 reject_reason=fused_score_too_low
MCM_DECISION | long_score=-2.3454 short_score=1.1117 memory_center=1.3333 memory_strength=38 self_state=stressed attractor=neutral felt_bearing_score=0.3850 felt_profile_label=mixed_unclear best_score=1.1117 reject_reason=-
MCM_DECISION | long_score=1.0199 short_score=-2.2112 memory_center=-1.1410 memory_strength=22 self_state=stressed attractor=defense felt_bearing_score=0.6127 felt_profile_label=mixed_unclear best_score=1.0199 reject_reason=-
MCM_DECISION | long_score=-1.0996 short_score=-0.2281 memory_center=-2.4792 memory_strength=18 self_state=stressed attractor=defense felt_bearing_score=0.6261 felt_profile_label=mixed_unclear best_score=0.0000 reject_reason=fused_score_too_low
MCM_DECISION | long_score=-0.0816 short_score=-1.2699 memory_center=-0.8679 memory_strength=31 self_state=stressed attractor=defense felt_bearing_score=0.6182 felt_profile_label=mixed_unclear best_score=0.0000 reject_reason=fused_score_too_low
MCM_DECISION | long_score=-1.5044 short_score=0.3622 memory_center=-0.1730 memory_strength=29 self_state=stressed attractor=cooperate felt_bearing_score=0.6148 felt_profile_label=mixed_unclear best_score=0.3622 reject_reason=-
MCM_DECISION | long_score=-0.4428 short_score=-0.9617 memory_center=0.1674 memory_strength=26 self_state=stressed attractor=cooperate felt_bearing_score=0.6233 felt_profile_label=mixed_unclear best_score=0.0000 reject_reason=stressed_block
MCM_DECISION | long_score=0.8982 short_score=-2.1030 memory_center=-1.3980 memory_strength=28 self_state=stressed attractor=defense felt_bearing_score=0.5922 felt_profile_label=mixed_unclear best_score=0.8982 reject_reason=-
MCM_DECISION | long_score=1.0811 short_score=-2.4633 memory_center=0.9016 memory_strength=32 self_state=stressed attractor=cooperate felt_bearing_score=0.6037 felt_profile_label=recovering best_score=1.0811 reject_reason=-
MCM_DECISION | long_score=-1.4212 short_score=0.4228 memory_center=1.2628 memory_strength=28 self_state=stressed attractor=neutral felt_bearing_score=0.3801 felt_profile_label=mixed_unclear best_score=0.4228 reject_reason=-
MCM_DECISION | long_score=-0.8457 short_score=-0.7146 memory_center=1.2308 memory_strength=30 self_state=stressed attractor=neutral felt_bearing_score=0.6049 felt_profile_label=mixed_unclear best_score=0.0000 reject_reason=fused_score_too_low
MCM_DECISION | long_score=0.6094 short_score=-2.4541 memory_center=1.3897 memory_strength=39 self_state=stressed attractor=neutral felt_bearing_score=0.6461 felt_profile_label=mixed_unclear best_score=0.6094 reject_reason=-
MCM_DECISION | long_score=-1.5773 short_score=0.6289 memory_center=1.2649 memory_strength=22 self_state=stressed attractor=neutral felt_bearing_score=0.6030 felt_profile_label=mixed_unclear best_score=0.6289 reject_reason=-
MCM_DECISION | long_score=-2.4828 short_score=0.8405 memory_center=-1.4436 memory_strength=26 self_state=stressed attractor=defense felt_bearing_score=0.6024 felt_profile_label=recovering best_score=0.8405 reject_reason=-
MCM_DECISION | long_score=1.3140 short_score=-2.6832 memory_center=2.2537 memory_strength=25 self_state=stressed attractor=explore felt_bearing_score=0.6019 felt_profile_label=mixed_unclear best_score=1.3140 reject_reason=-
MCM_DECISION | long_score=0.2519 short_score=-1.5477 memory_center=0.6963 memory_strength=26 self_state=stressed attractor=cooperate felt_bearing_score=0.5955 felt_profile_label=recovering best_score=0.2519 reject_reason=-
MCM_DECISION | long_score=-0.3543 short_score=-0.7887 memory_center=2.2687 memory_strength=26 self_state=stressed attractor=explore felt_bearing_score=0.6028 felt_profile_label=mixed_unclear best_score=0.0000 reject_reason=fused_score_too_low
MCM_DECISION | long_score=-2.3723 short_score=0.6652 memory_center=-1.2377 memory_strength=27 self_state=stressed attractor=defense felt_bearing_score=0.5981 felt_profile_label=mixed_unclear best_score=0.6652 reject_reason=-
MCM_DECISION | long_score=-2.7620 short_score=1.0231 memory_center=-0.6076 memory_strength=32 self_state=stressed attractor=defense felt_bearing_score=0.6177 felt_profile_label=mixed_unclear best_score=1.0231 reject_reason=-
MCM_DECISION | long_score=-1.0586 short_score=-0.1044 memory_center=1.1924 memory_strength=29 self_state=stressed attractor=cooperate felt_bearing_score=0.6129 felt_profile_label=mixed_unclear best_score=0.0000 reject_reason=fused_score_too_low
MCM_DECISION | long_score=0.6016 short_score=-2.2658 memory_center=-2.4329 memory_strength=44 self_state=stressed attractor=defense felt_bearing_score=0.5910 felt_profile_label=mixed_unclear best_score=0.6016 reject_reason=-
MCM_DECISION | long_score=-2.0616 short_score=0.9063 memory_center=1.2986 memory_strength=30 self_state=stressed attractor=neutral felt_bearing_score=0.3827 felt_profile_label=mixed_unclear best_score=0.9063 reject_reason=-
MCM_DECISION | long_score=-0.5598 short_score=-0.9518 memory_center=-2.2999 memory_strength=25 self_state=stressed attractor=defense felt_bearing_score=0.5980 felt_profile_label=mixed_unclear best_score=0.0000 reject_reason=fused_score_too_low
MCM_DECISION | long_score=-0.1332 short_score=-1.3838 memory_center=1.2429 memory_strength=33 self_state=stressed attractor=neutral felt_bearing_score=0.3792 felt_profile_label=mixed_unclear best_score=0.0000 reject_reason=fused_score_too_low
MCM_DECISION | long_score=-2.8960 short_score=1.1917 memory_center=-2.4491 memory_strength=25 self_state=stressed attractor=defense felt_bearing_score=0.5985 felt_profile_label=mixed_unclear best_score=1.1917 reject_reason=-
MCM_DECISION | long_score=-1.3720 short_score=-0.6951 memory_center=-2.2442 memory_strength=38 self_state=stressed attractor=defense felt_bearing_score=0.5852 felt_profile_label=mixed_unclear best_score=0.0000 reject_reason=fused_score_too_low
MCM_DECISION | long_score=-0.7540 short_score=-0.7577 memory_center=-2.2601 memory_strength=31 self_state=stressed attractor=defense felt_bearing_score=0.5902 felt_profile_label=mixed_unclear best_score=0.0000 reject_reason=fused_score_too_low
MCM_DECISION | long_score=-0.1380 short_score=-1.4089 memory_center=-1.0432 memory_strength=39 self_state=stressed attractor=defense felt_bearing_score=0.6066 felt_profile_label=mixed_unclear best_score=0.0000 reject_reason=fused_score_too_low
MCM_DECISION | long_score=0.2470 short_score=-1.6737 memory_center=-0.9319 memory_strength=19 self_state=stressed attractor=defense felt_bearing_score=0.5916 felt_profile_label=mixed_unclear best_score=0.2470 reject_reason=-
MCM_DECISION | long_score=-3.1856 short_score=1.5472 memory_center=-2.4755 memory_strength=25 self_state=stressed attractor=defense felt_bearing_score=0.5757 felt_profile_label=recovering best_score=1.5472 reject_reason=-
MCM_DECISION | long_score=-3.1330 short_score=0.9096 memory_center=-2.4124 memory_strength=39 self_state=stressed attractor=defense felt_bearing_score=0.5897 felt_profile_label=mixed_unclear best_score=0.9096 reject_reason=-
MCM_DECISION | long_score=0.1425 short_score=-1.3903 memory_center=-0.8391 memory_strength=25 self_state=stressed attractor=defense felt_bearing_score=0.5905 felt_profile_label=mixed_unclear best_score=0.0000 reject_reason=fused_score_too_low
MCM_DECISION | long_score=-2.5940 short_score=0.8231 memory_center=-1.7864 memory_strength=21 self_state=stressed attractor=defense felt_bearing_score=0.5953 felt_profile_label=mixed_unclear best_score=0.8231 reject_reason=-
MCM_DECISION | long_score=0.1552 short_score=-1.6133 memory_center=-1.7527 memory_strength=23 self_state=stressed attractor=defense felt_bearing_score=0.5905 felt_profile_label=mixed_unclear best_score=0.0000 reject_reason=fused_score_too_low
MCM_DECISION | long_score=-1.0440 short_score=0.0143 memory_center=0.3398 memory_strength=19 self_state=stressed attractor=cooperate felt_bearing_score=0.6162 felt_profile_label=mixed_unclear best_score=0.0000 reject_reason=fused_score_too_low
MCM_DECISION | long_score=1.0720 short_score=-2.2534 memory_center=-0.5229 memory_strength=23 self_state=stressed attractor=defense felt_bearing_score=0.6033 felt_profile_label=recovering best_score=1.0720 reject_reason=-
MCM_DECISION | long_score=-2.9635 short_score=0.8845 memory_center=-1.5297 memory_strength=35 self_state=stressed attractor=defense felt_bearing_score=0.6007 felt_profile_label=mixed_unclear best_score=0.8845 reject_reason=-
MCM_DECISION | long_score=-0.7238 short_score=-0.3464 memory_center=-1.5023 memory_strength=26 self_state=stressed attractor=defense felt_bearing_score=0.6049 felt_profile_label=mixed_unclear best_score=0.0000 reject_reason=stressed_block
MCM_DECISION | long_score=-1.9530 short_score=0.5034 memory_center=0.0908 memory_strength=17 self_state=stressed attractor=cooperate felt_bearing_score=0.5817 felt_profile_label=mixed_unclear best_score=0.5034 reject_reason=-
MCM_DECISION | long_score=-2.5706 short_score=0.8911 memory_center=-1.2131 memory_strength=22 self_state=stressed attractor=defense felt_bearing_score=0.6128 felt_profile_label=mixed_unclear best_score=0.8911 reject_reason=-
MCM_DECISION | long_score=1.3427 short_score=-3.0168 memory_center=-2.1917 memory_strength=26 self_state=stressed attractor=defense felt_bearing_score=0.6110 felt_profile_label=mixed_unclear best_score=1.3427 reject_reason=-
MCM_DECISION | long_score=0.1765 short_score=-1.3527 memory_center=-0.7313 memory_strength=23 self_state=stressed attractor=defense felt_bearing_score=0.6070 felt_profile_label=mixed_unclear best_score=0.0000 reject_reason=fused_score_too_low
MCM_DECISION | long_score=-0.3258 short_score=-1.0960 memory_center=-0.6981 memory_strength=32 self_state=stressed attractor=defense felt_bearing_score=0.6072 felt_profile_label=mixed_unclear best_score=0.0000 reject_reason=fused_score_too_low
MCM_DECISION | long_score=0.0090 short_score=-1.4050 memory_center=-0.5798 memory_strength=17 self_state=stressed attractor=defense felt_bearing_score=0.5913 felt_profile_label=mixed_unclear best_score=0.0000 reject_reason=fused_score_too_low
MCM_DECISION | long_score=-1.4694 short_score=0.1972 memory_center=-2.0067 memory_strength=17 self_state=stressed attractor=defense felt_bearing_score=0.5955 felt_profile_label=mixed_unclear best_score=0.1972 reject_reason=-
MCM_DECISION | long_score=-1.2362 short_score=-0.4002 memory_center=-2.5076 memory_strength=31 self_state=stressed attractor=defense felt_bearing_score=0.6082 felt_profile_label=mixed_unclear best_score=0.0000 reject_reason=stressed_block
MCM_DECISION | long_score=-1.0275 short_score=-0.7207 memory_center=-2.4966 memory_strength=31 self_state=stressed attractor=defense felt_bearing_score=0.6021 felt_profile_label=mixed_unclear best_score=0.0000 reject_reason=stressed_block
MCM_DECISION | long_score=-3.5288 short_score=1.3094 memory_center=-2.3227 memory_strength=42 self_state=stressed attractor=defense felt_bearing_score=0.6145 felt_profile_label=mixed_unclear best_score=1.3094 reject_reason=-
MCM_DECISION | long_score=0.0833 short_score=-1.2035 memory_center=1.1091 memory_strength=22 self_state=stressed attractor=cooperate felt_bearing_score=0.6296 felt_profile_label=mixed_unclear best_score=0.0000 reject_reason=fused_score_too_low
MCM_DECISION | long_score=-2.3760 short_score=0.0265 memory_center=-2.4181 memory_strength=46 self_state=stressed attractor=defense felt_bearing_score=0.6128 felt_profile_label=mixed_unclear best_score=0.0000 reject_reason=fused_score_too_low
MCM_DECISION | long_score=-1.1539 short_score=-0.0017 memory_center=0.5982 memory_strength=23 self_state=stressed attractor=cooperate felt_bearing_score=0.5967 felt_profile_label=recovering best_score=0.0000 reject_reason=fused_score_too_low
MCM_DECISION | long_score=-2.7023 short_score=0.8515 memory_center=-2.4817 memory_strength=25 self_state=stressed attractor=defense felt_bearing_score=0.6209 felt_profile_label=mixed_unclear best_score=0.8515 reject_reason=-
MCM_DECISION | long_score=-1.3111 short_score=0.2199 memory_center=0.3684 memory_strength=25 self_state=stressed attractor=cooperate felt_bearing_score=0.3945 felt_profile_label=mixed_unclear best_score=0.2199 reject_reason=-
MCM_DECISION | long_score=-3.0465 short_score=1.2996 memory_center=-1.9897 memory_strength=19 self_state=stressed attractor=defense felt_bearing_score=0.5885 felt_profile_label=mixed_unclear best_score=1.2996 reject_reason=-
MCM_DECISION | long_score=-2.3561 short_score=0.8196 memory_center=-2.4519 memory_strength=33 self_state=stressed attractor=defense felt_bearing_score=0.6114 felt_profile_label=mixed_unclear best_score=0.8196 reject_reason=-
MCM_DECISION | long_score=-1.6213 short_score=0.5422 memory_center=0.1387 memory_strength=24 self_state=stressed attractor=cooperate felt_bearing_score=0.6068 felt_profile_label=mixed_unclear best_score=0.5422 reject_reason=-
MCM_DECISION | long_score=1.1939 short_score=-2.6467 memory_center=-0.5535 memory_strength=32 self_state=stressed attractor=defense felt_bearing_score=0.6154 felt_profile_label=recovering best_score=1.1939 reject_reason=-
MCM_DECISION | long_score=0.9577 short_score=-2.2071 memory_center=0.1025 memory_strength=20 self_state=stressed attractor=cooperate felt_bearing_score=0.6035 felt_profile_label=mixed_unclear best_score=0.9577 reject_reason=-
MCM_DECISION | long_score=-2.6777 short_score=1.0521 memory_center=-2.4252 memory_strength=15 self_state=stressed attractor=defense felt_bearing_score=0.5753 felt_profile_label=mixed_unclear best_score=1.0521 reject_reason=-
MCM_DECISION | long_score=-0.5362 short_score=-0.5301 memory_center=0.1378 memory_strength=23 self_state=stressed attractor=cooperate felt_bearing_score=0.6106 felt_profile_label=mixed_unclear best_score=0.0000 reject_reason=fused_score_too_low
MCM_DECISION | long_score=-0.8934 short_score=-1.0142 memory_center=-2.4900 memory_strength=49 self_state=stressed attractor=defense felt_bearing_score=0.5981 felt_profile_label=recovering best_score=0.0000 reject_reason=fused_score_too_low
MCM_DECISION | long_score=0.9186 short_score=-2.1240 memory_center=1.2472 memory_strength=23 self_state=stressed attractor=neutral felt_bearing_score=0.6034 felt_profile_label=recovering best_score=0.9186 reject_reason=-
MCM_DECISION | long_score=-1.9925 short_score=0.4476 memory_center=-0.8146 memory_strength=23 self_state=stressed attractor=defense felt_bearing_score=0.5961 felt_profile_label=mixed_unclear best_score=0.4476 reject_reason=-
MCM_DECISION | long_score=-0.2463 short_score=-0.9688 memory_center=0.0269 memory_strength=28 self_state=stressed attractor=cooperate felt_bearing_score=0.5968 felt_profile_label=mixed_unclear best_score=0.0000 reject_reason=fused_score_too_low
MCM_DECISION | long_score=-2.8524 short_score=1.2176 memory_center=-0.6737 memory_strength=22 self_state=stressed attractor=defense felt_bearing_score=0.6115 felt_profile_label=mixed_unclear best_score=1.2176 reject_reason=-
MCM_DECISION | long_score=0.4784 short_score=-2.1316 memory_center=-2.5012 memory_strength=33 self_state=stressed attractor=defense felt_bearing_score=0.6094 felt_profile_label=mixed_unclear best_score=0.4784 reject_reason=-
MCM_DECISION | long_score=-1.5078 short_score=-0.0051 memory_center=-2.3956 memory_strength=25 self_state=stressed attractor=defense felt_bearing_score=0.5885 felt_profile_label=mixed_unclear best_score=0.0000 reject_reason=fused_score_too_low
MCM_DECISION | long_score=-1.4869 short_score=0.3413 memory_center=0.5887 memory_strength=17 self_state=stressed attractor=cooperate felt_bearing_score=0.6050 felt_profile_label=mixed_unclear best_score=0.3413 reject_reason=-
MCM_DECISION | long_score=-2.0120 short_score=0.8368 memory_center=1.1744 memory_strength=28 self_state=stressed attractor=cooperate felt_bearing_score=0.6030 felt_profile_label=mixed_unclear best_score=0.8368 reject_reason=-
MCM_DECISION | long_score=-1.3785 short_score=0.1023 memory_center=1.2060 memory_strength=25 self_state=stressed attractor=neutral felt_bearing_score=0.5918 felt_profile_label=mixed_unclear best_score=0.0000 reject_reason=fused_score_too_low
MCM_DECISION | long_score=0.8566 short_score=-2.6837 memory_center=-1.4209 memory_strength=26 self_state=stressed attractor=defense felt_bearing_score=0.5875 felt_profile_label=mixed_unclear best_score=0.8566 reject_reason=-
MCM_DECISION | long_score=-0.1978 short_score=-1.2320 memory_center=1.4294 memory_strength=27 self_state=stressed attractor=neutral felt_bearing_score=0.3658 felt_profile_label=mixed_unclear best_score=0.0000 reject_reason=fused_score_too_low
MCM_DECISION | long_score=-0.7671 short_score=-0.2341 memory_center=1.2352 memory_strength=22 self_state=stressed attractor=neutral felt_bearing_score=0.6010 felt_profile_label=mixed_unclear best_score=0.0000 reject_reason=stressed_block
MCM_DECISION | long_score=-2.9874 short_score=1.0078 memory_center=-0.7821 memory_strength=31 self_state=stressed attractor=defense felt_bearing_score=0.5937 felt_profile_label=mixed_unclear best_score=1.0078 reject_reason=-
MCM_DECISION | long_score=-1.9607 short_score=0.8882 memory_center=0.0559 memory_strength=22 self_state=stressed attractor=cooperate felt_bearing_score=0.6043 felt_profile_label=mixed_unclear best_score=0.8882 reject_reason=-
MCM_DECISION | long_score=1.0474 short_score=-2.1670 memory_center=-1.5034 memory_strength=21 self_state=stressed attractor=defense felt_bearing_score=0.5884 felt_profile_label=mixed_unclear best_score=1.0474 reject_reason=-
MCM_DECISION | long_score=-2.8213 short_score=1.1507 memory_center=0.5849 memory_strength=25 self_state=stressed attractor=cooperate felt_bearing_score=0.5898 felt_profile_label=mixed_unclear best_score=1.1507 reject_reason=-
MCM_DECISION | long_score=1.5713 short_score=-3.0297 memory_center=0.4901 memory_strength=22 self_state=stressed attractor=cooperate felt_bearing_score=0.6011 felt_profile_label=mixed_unclear best_score=1.5713 reject_reason=-
MCM_DECISION | long_score=0.7299 short_score=-2.6434 memory_center=1.9941 memory_strength=35 self_state=stressed attractor=explore felt_bearing_score=0.5936 felt_profile_label=mixed_unclear best_score=0.7299 reject_reason=-
MCM_DECISION | long_score=-1.3825 short_score=-0.2522 memory_center=1.3318 memory_strength=29 self_state=stressed attractor=neutral felt_bearing_score=0.6061 felt_profile_label=mixed_unclear best_score=0.0000 reject_reason=fused_score_too_low
MCM_DECISION | long_score=0.6816 short_score=-2.0983 memory_center=-0.4362 memory_strength=31 self_state=stressed attractor=defense felt_bearing_score=0.5934 felt_profile_label=mixed_unclear best_score=0.6816 reject_reason=-
MCM_DECISION | long_score=-0.1307 short_score=-1.4677 memory_center=2.3838 memory_strength=34 self_state=stressed attractor=explore felt_bearing_score=0.3741 felt_profile_label=mixed_unclear best_score=0.0000 reject_reason=stressed_block
MCM_DECISION | long_score=-2.5386 short_score=1.0254 memory_center=1.3304 memory_strength=18 self_state=stressed attractor=neutral felt_bearing_score=0.6103 felt_profile_label=mixed_unclear best_score=1.0254 reject_reason=-
MCM_DECISION | long_score=1.1610 short_score=-2.1901 memory_center=0.7454 memory_strength=20 self_state=stressed attractor=cooperate felt_bearing_score=0.6003 felt_profile_label=recovering best_score=1.1610 reject_reason=-
MCM_DECISION | long_score=0.0460 short_score=-1.2241 memory_center=-0.1944 memory_strength=22 self_state=stressed attractor=cooperate felt_bearing_score=0.6099 felt_profile_label=mixed_unclear best_score=0.0000 reject_reason=fused_score_too_low
MCM_DECISION | long_score=-1.1389 short_score=-0.3218 memory_center=-1.4671 memory_strength=34 self_state=stressed attractor=defense felt_bearing_score=0.5845 felt_profile_label=mixed_unclear best_score=0.0000 reject_reason=stressed_block
MCM_DECISION | long_score=0.2353 short_score=-1.7208 memory_center=-2.2738 memory_strength=30 self_state=stressed attractor=defense felt_bearing_score=0.6172 felt_profile_label=mixed_unclear best_score=0.2353 reject_reason=-
MCM_DECISION | long_score=-1.5886 short_score=0.2806 memory_center=1.0943 memory_strength=34 self_state=stressed attractor=cooperate felt_bearing_score=0.3880 felt_profile_label=mixed_unclear best_score=0.2806 reject_reason=-
MCM_DECISION | long_score=-1.9506 short_score=0.2768 memory_center=-2.4381 memory_strength=25 self_state=stressed attractor=defense felt_bearing_score=0.6027 felt_profile_label=mixed_unclear best_score=0.2768 reject_reason=-
MCM_DECISION | long_score=-0.3989 short_score=-1.4192 memory_center=-2.5008 memory_strength=61 self_state=stressed attractor=defense felt_bearing_score=0.3774 felt_profile_label=recovering best_score=0.0000 reject_reason=fused_score_too_low
MCM_DECISION | long_score=-2.4333 short_score=0.5883 memory_center=-0.3826 memory_strength=25 self_state=stressed attractor=defense felt_bearing_score=0.5960 felt_profile_label=mixed_unclear best_score=0.5883 reject_reason=-
MCM_DECISION | long_score=0.8352 short_score=-2.1119 memory_center=-1.0736 memory_strength=31 self_state=stressed attractor=defense felt_bearing_score=0.3835 felt_profile_label=mixed_unclear best_score=0.8352 reject_reason=-
MCM_DECISION | long_score=0.2173 short_score=-1.3878 memory_center=-2.4318 memory_strength=20 self_state=stressed attractor=defense felt_bearing_score=0.5955 felt_profile_label=mixed_unclear best_score=0.2173 reject_reason=-
MCM_DECISION | long_score=1.0962 short_score=-2.2090 memory_center=1.2514 memory_strength=20 self_state=stressed attractor=neutral felt_bearing_score=0.5904 felt_profile_label=mixed_unclear best_score=1.0962 reject_reason=-
MCM_DECISION | long_score=-0.9371 short_score=-0.5832 memory_center=1.2053 memory_strength=35 self_state=stressed attractor=neutral felt_bearing_score=0.5860 felt_profile_label=mixed_unclear best_score=0.0000 reject_reason=stressed_block
MCM_DECISION | long_score=-0.1971 short_score=-1.1365 memory_center=1.2262 memory_strength=34 self_state=stressed attractor=neutral felt_bearing_score=0.6403 felt_profile_label=recovering best_score=0.0000 reject_reason=stressed_block
MCM_DECISION | long_score=0.1657 short_score=-1.6565 memory_center=1.2412 memory_strength=29 self_state=stressed attractor=neutral felt_bearing_score=0.5950 felt_profile_label=mixed_unclear best_score=0.0000 reject_reason=stressed_block
MCM_DECISION | long_score=-1.9805 short_score=0.7727 memory_center=1.3818 memory_strength=19 self_state=stressed attractor=neutral felt_bearing_score=0.3760 felt_profile_label=mixed_unclear best_score=0.7727 reject_reason=-
MCM_DECISION | long_score=-0.3490 short_score=-0.6392 memory_center=1.3231 memory_strength=22 self_state=stressed attractor=neutral felt_bearing_score=0.5993 felt_profile_label=mixed_unclear best_score=0.0000 reject_reason=fused_score_too_low
MCM_DECISION | long_score=-1.8903 short_score=0.5742 memory_center=1.1034 memory_strength=22 self_state=stressed attractor=cooperate felt_bearing_score=0.5873 felt_profile_label=mixed_unclear best_score=0.5742 reject_reason=-
MCM_DECISION | long_score=-2.7174 short_score=0.8267 memory_center=-1.4982 memory_strength=32 self_state=stressed attractor=defense felt_bearing_score=0.6135 felt_profile_label=mixed_unclear best_score=0.8267 reject_reason=-
MCM_DECISION | long_score=-0.3991 short_score=-0.7959 memory_center=-1.4831 memory_strength=25 self_state=stressed attractor=defense felt_bearing_score=0.6148 felt_profile_label=mixed_unclear best_score=0.0000 reject_reason=fused_score_too_low
MCM_DECISION | long_score=0.8095 short_score=-1.9936 memory_center=-2.3082 memory_strength=19 self_state=stressed attractor=defense felt_bearing_score=0.5827 felt_profile_label=mixed_unclear best_score=0.8095 reject_reason=-
MCM_DECISION | long_score=-0.0565 short_score=-1.1128 memory_center=-0.5386 memory_strength=19 self_state=stressed attractor=defense felt_bearing_score=0.5933 felt_profile_label=mixed_unclear best_score=0.0000 reject_reason=stressed_block
MCM_DECISION | long_score=-2.5479 short_score=0.8661 memory_center=-2.4516 memory_strength=25 self_state=stressed attractor=defense felt_bearing_score=0.6167 felt_profile_label=mixed_unclear best_score=0.8661 reject_reason=-
MCM_DECISION | long_score=-2.8603 short_score=1.0874 memory_center=-0.4772 memory_strength=23 self_state=stressed attractor=defense felt_bearing_score=0.5831 felt_profile_label=mixed_unclear best_score=1.0874 reject_reason=-
MCM_DECISION | long_score=-2.4461 short_score=0.1590 memory_center=-2.4193 memory_strength=43 self_state=stressed attractor=defense felt_bearing_score=0.5857 felt_profile_label=mixed_unclear best_score=0.0000 reject_reason=fused_score_too_low
MCM_DECISION | long_score=-2.5600 short_score=0.4769 memory_center=-2.5008 memory_strength=43 self_state=stressed attractor=defense felt_bearing_score=0.5913 felt_profile_label=mixed_unclear best_score=0.4769 reject_reason=-
MCM_DECISION | long_score=-0.3451 short_score=-0.9758 memory_center=0.2047 memory_strength=32 self_state=stressed attractor=cooperate felt_bearing_score=0.6042 felt_profile_label=mixed_unclear best_score=0.0000 reject_reason=fused_score_too_low
MCM_DECISION | long_score=0.3092 short_score=-1.8744 memory_center=-0.8029 memory_strength=20 self_state=stressed attractor=defense felt_bearing_score=0.5981 felt_profile_label=mixed_unclear best_score=0.3092 reject_reason=-
MCM_DECISION | long_score=-0.9107 short_score=-0.4657 memory_center=-0.0577 memory_strength=34 self_state=stressed attractor=cooperate felt_bearing_score=0.6018 felt_profile_label=mixed_unclear best_score=0.0000 reject_reason=fused_score_too_low
MCM_DECISION | long_score=-0.7003 short_score=-0.6512 memory_center=-0.6984 memory_strength=25 self_state=stressed attractor=defense felt_bearing_score=0.6201 felt_profile_label=mixed_unclear best_score=0.0000 reject_reason=stressed_block
MCM_DECISION | long_score=-1.4253 short_score=0.2481 memory_center=2.4010 memory_strength=22 self_state=stressed attractor=explore felt_bearing_score=0.5921 felt_profile_label=mixed_unclear best_score=0.2481 reject_reason=-
MCM_DECISION | long_score=-1.6992 short_score=0.2498 memory_center=2.1944 memory_strength=31 self_state=stressed attractor=explore felt_bearing_score=0.6046 felt_profile_label=mixed_unclear best_score=0.2498 reject_reason=-
MCM_DECISION | long_score=-0.5656 short_score=-0.8682 memory_center=-1.6719 memory_strength=20 self_state=stressed attractor=defense felt_bearing_score=0.5982 felt_profile_label=mixed_unclear best_score=0.0000 reject_reason=fused_score_too_low
MCM_DECISION | long_score=-1.2677 short_score=-0.1330 memory_center=-1.5422 memory_strength=23 self_state=stressed attractor=defense felt_bearing_score=0.6085 felt_profile_label=mixed_unclear best_score=0.0000 reject_reason=fused_score_too_low
MCM_DECISION | long_score=1.3505 short_score=-2.6850 memory_center=0.6598 memory_strength=20 self_state=stressed attractor=cooperate felt_bearing_score=0.6076 felt_profile_label=mixed_unclear best_score=1.3505 reject_reason=-
MCM_DECISION | long_score=1.1820 short_score=-2.7766 memory_center=1.2171 memory_strength=31 self_state=stressed attractor=neutral felt_bearing_score=0.5984 felt_profile_label=mixed_unclear best_score=1.1820 reject_reason=-
MCM_DECISION | long_score=-0.5014 short_score=-0.5438 memory_center=1.0519 memory_strength=29 self_state=stressed attractor=cooperate felt_bearing_score=0.3660 felt_profile_label=mixed_unclear best_score=0.0000 reject_reason=fused_score_too_low
MCM_DECISION | long_score=-1.9494 short_score=0.5380 memory_center=-0.5605 memory_strength=19 self_state=stressed attractor=defense felt_bearing_score=0.5991 felt_profile_label=mixed_unclear best_score=0.5380 reject_reason=-
MCM_DECISION | long_score=-2.4710 short_score=0.5665 memory_center=-0.6527 memory_strength=36 self_state=stressed attractor=defense felt_bearing_score=0.3837 felt_profile_label=mixed_unclear best_score=0.5665 reject_reason=-
MCM_DECISION | long_score=-1.6696 short_score=-0.2001 memory_center=-0.4649 memory_strength=27 self_state=stressed attractor=defense felt_bearing_score=0.5951 felt_profile_label=mixed_unclear best_score=0.0000 reject_reason=fused_score_too_low
MCM_DECISION | long_score=-2.1427 short_score=0.4691 memory_center=-0.7130 memory_strength=28 self_state=stressed attractor=defense felt_bearing_score=0.6206 felt_profile_label=mixed_unclear best_score=0.4691 reject_reason=-
MCM_DECISION | long_score=1.0239 short_score=-2.4374 memory_center=-0.6862 memory_strength=28 self_state=stressed attractor=defense felt_bearing_score=0.5831 felt_profile_label=mixed_unclear best_score=1.0239 reject_reason=-
MCM_DECISION | long_score=-2.9471 short_score=1.1347 memory_center=-1.8239 memory_strength=24 self_state=stressed attractor=defense felt_bearing_score=0.6259 felt_profile_label=mixed_unclear best_score=1.1347 reject_reason=-
MCM_DECISION | long_score=-3.1310 short_score=1.2725 memory_center=-0.9570 memory_strength=25 self_state=stressed attractor=defense felt_bearing_score=0.6111 felt_profile_label=mixed_unclear best_score=1.2725 reject_reason=-
MCM_DECISION | long_score=-0.2749 short_score=-1.4108 memory_center=-2.4754 memory_strength=46 self_state=stressed attractor=defense felt_bearing_score=0.4040 felt_profile_label=mixed_unclear best_score=0.0000 reject_reason=fused_score_too_low
MCM_DECISION | long_score=-1.2459 short_score=-0.2134 memory_center=-0.1841 memory_strength=34 self_state=stressed attractor=cooperate felt_bearing_score=0.6157 felt_profile_label=mixed_unclear best_score=0.0000 reject_reason=fused_score_too_low
MCM_DECISION | long_score=0.2961 short_score=-2.3607 memory_center=-2.4541 memory_strength=54 self_state=stressed attractor=defense felt_bearing_score=0.6107 felt_profile_label=mixed_unclear best_score=0.2961 reject_reason=-
MCM_DECISION | long_score=-2.8536 short_score=1.0183 memory_center=-2.3897 memory_strength=26 self_state=stressed attractor=defense felt_bearing_score=0.6114 felt_profile_label=mixed_unclear best_score=1.0183 reject_reason=-
MCM_DECISION | long_score=-1.6508 short_score=-0.4701 memory_center=-2.3911 memory_strength=38 self_state=stressed attractor=defense felt_bearing_score=0.5971 felt_profile_label=mixed_unclear best_score=0.0000 reject_reason=fused_score_too_low
MCM_DECISION | long_score=-1.3054 short_score=0.1994 memory_center=1.1126 memory_strength=21 self_state=stressed attractor=cooperate felt_bearing_score=0.6104 felt_profile_label=mixed_unclear best_score=0.1994 reject_reason=-
MCM_DECISION | long_score=0.5543 short_score=-1.7701 memory_center=-0.5123 memory_strength=24 self_state=stressed attractor=defense felt_bearing_score=0.3803 felt_profile_label=mixed_unclear best_score=0.5543 reject_reason=-
MCM_DECISION | long_score=-1.9240 short_score=0.1672 memory_center=-1.9120 memory_strength=23 self_state=stressed attractor=defense felt_bearing_score=0.6138 felt_profile_label=mixed_unclear best_score=0.0000 reject_reason=fused_score_too_low
MCM_DECISION | long_score=0.1356 short_score=-1.6820 memory_center=-1.1093 memory_strength=27 self_state=stressed attractor=defense felt_bearing_score=0.6213 felt_profile_label=mixed_unclear best_score=0.0000 reject_reason=fused_score_too_low
MCM_DECISION | long_score=-0.7383 short_score=-0.5700 memory_center=1.2354 memory_strength=30 self_state=stressed attractor=neutral felt_bearing_score=0.6107 felt_profile_label=mixed_unclear best_score=0.0000 reject_reason=fused_score_too_low
MCM_DECISION | long_score=0.8122 short_score=-2.0826 memory_center=-0.2512 memory_strength=26 self_state=stressed attractor=cooperate felt_bearing_score=0.6189 felt_profile_label=mixed_unclear best_score=0.8122 reject_reason=-
MCM_DECISION | long_score=-1.7224 short_score=0.2819 memory_center=1.2221 memory_strength=40 self_state=stressed attractor=neutral felt_bearing_score=0.3745 felt_profile_label=mixed_unclear best_score=0.2819 reject_reason=-
MCM_DECISION | long_score=1.4828 short_score=-3.0184 memory_center=1.2701 memory_strength=23 self_state=stressed attractor=neutral felt_bearing_score=0.3763 felt_profile_label=mixed_unclear best_score=1.4828 reject_reason=-
MCM_DECISION | long_score=-0.2311 short_score=-0.8405 memory_center=-0.0179 memory_strength=21 self_state=stressed attractor=cooperate felt_bearing_score=0.5920 felt_profile_label=mixed_unclear best_score=0.0000 reject_reason=fused_score_too_low
MCM_DECISION | long_score=-0.7964 short_score=-0.1280 memory_center=1.0531 memory_strength=30 self_state=stressed attractor=cooperate felt_bearing_score=0.6107 felt_profile_label=recovering best_score=0.0000 reject_reason=fused_score_too_low
MCM_DECISION | long_score=-2.4999 short_score=0.8311 memory_center=0.0386 memory_strength=28 self_state=stressed attractor=cooperate felt_bearing_score=0.5975 felt_profile_label=mixed_unclear best_score=0.8311 reject_reason=-
MCM_DECISION | long_score=0.4955 short_score=-2.0167 memory_center=-1.7807 memory_strength=26 self_state=stressed attractor=defense felt_bearing_score=0.6100 felt_profile_label=mixed_unclear best_score=0.4955 reject_reason=-
MCM_DECISION | long_score=-0.8079 short_score=-0.7590 memory_center=-0.7848 memory_strength=36 self_state=stressed attractor=defense felt_bearing_score=0.6257 felt_profile_label=mixed_unclear best_score=0.0000 reject_reason=fused_score_too_low
MCM_DECISION | long_score=-2.3756 short_score=0.6660 memory_center=-0.8985 memory_strength=31 self_state=stressed attractor=defense felt_bearing_score=0.6186 felt_profile_label=mixed_unclear best_score=0.6660 reject_reason=-
MCM_DECISION | long_score=0.2447 short_score=-1.6349 memory_center=-0.4535 memory_strength=18 self_state=stressed attractor=defense felt_bearing_score=0.6149 felt_profile_label=mixed_unclear best_score=0.2447 reject_reason=-
MCM_DECISION | long_score=-0.2805 short_score=-1.3035 memory_center=-0.9809 memory_strength=22 self_state=stressed attractor=defense felt_bearing_score=0.6483 felt_profile_label=mixed_unclear best_score=0.0000 reject_reason=stressed_block
MCM_DECISION | long_score=0.5762 short_score=-1.9809 memory_center=-2.1771 memory_strength=28 self_state=stressed attractor=defense felt_bearing_score=0.6082 felt_profile_label=mixed_unclear best_score=0.5762 reject_reason=-
MCM_DECISION | long_score=1.1032 short_score=-2.4934 memory_center=-0.4793 memory_strength=22 self_state=stressed attractor=defense felt_bearing_score=0.6202 felt_profile_label=mixed_unclear best_score=1.1032 reject_reason=-
MCM_DECISION | long_score=1.1106 short_score=-2.5488 memory_center=0.6646 memory_strength=25 self_state=stressed attractor=cooperate felt_bearing_score=0.6161 felt_profile_label=mixed_unclear best_score=1.1106 reject_reason=-
MCM_DECISION | long_score=-1.5694 short_score=-0.1636 memory_center=-1.7678 memory_strength=23 self_state=stressed attractor=defense felt_bearing_score=0.5995 felt_profile_label=mixed_unclear best_score=0.0000 reject_reason=fused_score_too_low
MCM_DECISION | long_score=-0.4063 short_score=-1.0190 memory_center=-1.5906 memory_strength=30 self_state=stressed attractor=defense felt_bearing_score=0.6170 felt_profile_label=mixed_unclear best_score=0.0000 reject_reason=stressed_block
MCM_DECISION | long_score=-0.3911 short_score=-0.8664 memory_center=-0.5438 memory_strength=25 self_state=stressed attractor=defense felt_bearing_score=0.6127 felt_profile_label=mixed_unclear best_score=0.0000 reject_reason=fused_score_too_low
MCM_DECISION | long_score=-1.0753 short_score=-0.6965 memory_center=-1.5142 memory_strength=37 self_state=stressed attractor=defense felt_bearing_score=0.3866 felt_profile_label=mixed_unclear best_score=0.0000 reject_reason=fused_score_too_low
MCM_DECISION | long_score=-1.5674 short_score=0.4822 memory_center=1.3145 memory_strength=23 self_state=stressed attractor=neutral felt_bearing_score=0.6073 felt_profile_label=mixed_unclear best_score=0.4822 reject_reason=-
MCM_DECISION | long_score=-3.1463 short_score=0.9889 memory_center=-2.2722 memory_strength=38 self_state=stressed attractor=defense felt_bearing_score=0.5984 felt_profile_label=mixed_unclear best_score=0.9889 reject_reason=-
MCM_DECISION | long_score=-0.0129 short_score=-1.2085 memory_center=1.1737 memory_strength=17 self_state=stressed attractor=cooperate felt_bearing_score=0.5803 felt_profile_label=mixed_unclear best_score=0.0000 reject_reason=fused_score_too_low
MCM_DECISION | long_score=-2.0011 short_score=0.4098 memory_center=-0.6824 memory_strength=26 self_state=stressed attractor=defense felt_bearing_score=0.6099 felt_profile_label=mixed_unclear best_score=0.4098 reject_reason=-
MCM_DECISION | long_score=-0.2133 short_score=-1.2198 memory_center=-2.4994 memory_strength=33 self_state=stressed attractor=defense felt_bearing_score=0.6126 felt_profile_label=mixed_unclear best_score=0.0000 reject_reason=fused_score_too_low
MCM_DECISION | long_score=-0.1658 short_score=-1.8293 memory_center=-2.4058 memory_strength=47 self_state=stressed attractor=defense felt_bearing_score=0.6109 felt_profile_label=mixed_unclear best_score=0.0000 reject_reason=fused_score_too_low
MCM_DECISION | long_score=-1.1262 short_score=0.0330 memory_center=1.1487 memory_strength=25 self_state=stressed attractor=cooperate felt_bearing_score=0.6106 felt_profile_label=mixed_unclear best_score=0.0000 reject_reason=fused_score_too_low
MCM_DECISION | long_score=-1.2941 short_score=-0.1250 memory_center=-1.0598 memory_strength=24 self_state=stressed attractor=defense felt_bearing_score=0.6042 felt_profile_label=mixed_unclear best_score=0.0000 reject_reason=fused_score_too_low
MCM_DECISION | long_score=-1.1118 short_score=-0.3911 memory_center=-0.3311 memory_strength=19 self_state=stressed attractor=defense felt_bearing_score=0.5949 felt_profile_label=mixed_unclear best_score=0.0000 reject_reason=stressed_block
MCM_DECISION | long_score=-0.8100 short_score=-0.8169 memory_center=-1.1241 memory_strength=38 self_state=stressed attractor=defense felt_bearing_score=0.6151 felt_profile_label=mixed_unclear best_score=0.0000 reject_reason=fused_score_too_low
MCM_DECISION | long_score=0.8223 short_score=-2.0019 memory_center=0.9400 memory_strength=21 self_state=stressed attractor=cooperate felt_bearing_score=0.5927 felt_profile_label=mixed_unclear best_score=0.8223 reject_reason=-
MCM_DECISION | long_score=-2.6924 short_score=0.9658 memory_center=-1.6484 memory_strength=20 self_state=stressed attractor=defense felt_bearing_score=0.5746 felt_profile_label=mixed_unclear best_score=0.9658 reject_reason=-
MCM_DECISION | long_score=0.7524 short_score=-2.2039 memory_center=-2.3181 memory_strength=38 self_state=stressed attractor=defense felt_bearing_score=0.6211 felt_profile_label=recovering best_score=0.7524 reject_reason=-
MCM_DECISION | long_score=-0.8288 short_score=-0.5330 memory_center=-0.1619 memory_strength=27 self_state=stressed attractor=cooperate felt_bearing_score=0.5872 felt_profile_label=mixed_unclear best_score=0.0000 reject_reason=fused_score_too_low
MCM_DECISION | long_score=0.9141 short_score=-2.1362 memory_center=-0.7980 memory_strength=27 self_state=stressed attractor=defense felt_bearing_score=0.5927 felt_profile_label=mixed_unclear best_score=0.9141 reject_reason=-
MCM_DECISION | long_score=-1.6072 short_score=0.5859 memory_center=2.3757 memory_strength=28 self_state=stressed attractor=explore felt_bearing_score=0.3739 felt_profile_label=recovering best_score=0.5859 reject_reason=-
MCM_DECISION | long_score=0.8061 short_score=-2.2237 memory_center=1.3004 memory_strength=25 self_state=stressed attractor=neutral felt_bearing_score=0.5887 felt_profile_label=mixed_unclear best_score=0.8061 reject_reason=-
MCM_DECISION | long_score=-0.7630 short_score=-0.5363 memory_center=-1.5470 memory_strength=25 self_state=stressed attractor=defense felt_bearing_score=0.3628 felt_profile_label=mixed_unclear best_score=0.0000 reject_reason=stressed_block
MCM_DECISION | long_score=-0.2855 short_score=-1.3933 memory_center=-1.4889 memory_strength=27 self_state=stressed attractor=defense felt_bearing_score=0.5783 felt_profile_label=mixed_unclear best_score=0.0000 reject_reason=fused_score_too_low
MCM_DECISION | long_score=1.3281 short_score=-2.4528 memory_center=-0.1690 memory_strength=25 self_state=stressed attractor=cooperate felt_bearing_score=0.6024 felt_profile_label=mixed_unclear best_score=1.3281 reject_reason=-
MCM_DECISION | long_score=0.9229 short_score=-1.9739 memory_center=0.6497 memory_strength=22 self_state=stressed attractor=cooperate felt_bearing_score=0.5995 felt_profile_label=mixed_unclear best_score=0.9229 reject_reason=-
MCM_DECISION | long_score=-2.7579 short_score=1.0441 memory_center=-1.9172 memory_strength=20 self_state=stressed attractor=defense felt_bearing_score=0.5718 felt_profile_label=mixed_unclear best_score=1.0441 reject_reason=-
MCM_DECISION | long_score=-0.3150 short_score=-1.6586 memory_center=-1.0309 memory_strength=37 self_state=stressed attractor=defense felt_bearing_score=0.5824 felt_profile_label=mixed_unclear best_score=0.0000 reject_reason=fused_score_too_low
MCM_DECISION | long_score=1.3715 short_score=-2.8637 memory_center=1.2724 memory_strength=29 self_state=stressed attractor=neutral felt_bearing_score=0.6110 felt_profile_label=mixed_unclear best_score=1.3715 reject_reason=-
MCM_DECISION | long_score=-0.8535 short_score=-0.5105 memory_center=-1.6269 memory_strength=15 self_state=stressed attractor=defense felt_bearing_score=0.3813 felt_profile_label=mixed_unclear best_score=0.0000 reject_reason=stressed_block
MCM_DECISION | long_score=0.4931 short_score=-1.9205 memory_center=-2.4252 memory_strength=25 self_state=stressed attractor=defense felt_bearing_score=0.5839 felt_profile_label=mixed_unclear best_score=0.4931 reject_reason=-
MCM_DECISION | long_score=0.8286 short_score=-2.5737 memory_center=1.4062 memory_strength=43 self_state=stressed attractor=neutral felt_bearing_score=0.6101 felt_profile_label=mixed_unclear best_score=0.8286 reject_reason=-
MCM_DECISION | long_score=-2.2752 short_score=0.5898 memory_center=1.2267 memory_strength=49 self_state=stressed attractor=neutral felt_bearing_score=0.6092 felt_profile_label=mixed_unclear best_score=0.5898 reject_reason=-
MCM_DECISION | long_score=1.1196 short_score=-2.6358 memory_center=2.3806 memory_strength=29 self_state=stressed attractor=explore felt_bearing_score=0.5995 felt_profile_label=mixed_unclear best_score=1.1196 reject_reason=-
MCM_DECISION | long_score=-0.7081 short_score=-0.2165 memory_center=1.1105 memory_strength=20 self_state=stressed attractor=cooperate felt_bearing_score=0.5849 felt_profile_label=mixed_unclear best_score=0.0000 reject_reason=fused_score_too_low
MCM_DECISION | long_score=-1.4088 short_score=-0.5152 memory_center=-2.4303 memory_strength=34 self_state=stressed attractor=defense felt_bearing_score=0.5690 felt_profile_label=mixed_unclear best_score=0.0000 reject_reason=stressed_block
MCM_DECISION | long_score=0.1561 short_score=-1.8942 memory_center=-1.0473 memory_strength=29 self_state=stressed attractor=defense felt_bearing_score=0.5690 felt_profile_label=mixed_unclear best_score=0.0000 reject_reason=fused_score_too_low
MCM_DECISION | long_score=1.2427 short_score=-2.8681 memory_center=1.6643 memory_strength=28 self_state=stressed attractor=explore felt_bearing_score=0.6016 felt_profile_label=mixed_unclear best_score=1.2427 reject_reason=-
MCM_DECISION | long_score=0.6907 short_score=-1.8341 memory_center=-0.3537 memory_strength=20 self_state=stressed attractor=defense felt_bearing_score=0.3826 felt_profile_label=mixed_unclear best_score=0.6907 reject_reason=-
MCM_DECISION | long_score=-2.3284 short_score=0.9507 memory_center=0.6733 memory_strength=27 self_state=stressed attractor=cooperate felt_bearing_score=0.6068 felt_profile_label=mixed_unclear best_score=0.9507 reject_reason=-
MCM_DECISION | long_score=0.1845 short_score=-1.6771 memory_center=-2.1395 memory_strength=23 self_state=stressed attractor=defense felt_bearing_score=0.5910 felt_profile_label=mixed_unclear best_score=0.0000 reject_reason=fused_score_too_low
MCM_DECISION | long_score=-0.8543 short_score=-0.7886 memory_center=-1.1766 memory_strength=38 self_state=stressed attractor=defense felt_bearing_score=0.6065 felt_profile_label=mixed_unclear best_score=0.0000 reject_reason=fused_score_too_low
MCM_DECISION | long_score=0.2853 short_score=-1.8299 memory_center=-2.4229 memory_strength=33 self_state=stressed attractor=defense felt_bearing_score=0.6032 felt_profile_label=mixed_unclear best_score=0.2853 reject_reason=-
MCM_DECISION | long_score=-2.5588 short_score=0.7768 memory_center=-1.1900 memory_strength=22 self_state=stressed attractor=defense felt_bearing_score=0.5801 felt_profile_label=mixed_unclear best_score=0.7768 reject_reason=-
MCM_DECISION | long_score=-1.2273 short_score=0.0647 memory_center=1.0988 memory_strength=20 self_state=stressed attractor=cooperate felt_bearing_score=0.6105 felt_profile_label=mixed_unclear best_score=0.0000 reject_reason=fused_score_too_low
MCM_DECISION | long_score=-0.6177 short_score=-1.1109 memory_center=-2.3155 memory_strength=33 self_state=stressed attractor=defense felt_bearing_score=0.6040 felt_profile_label=mixed_unclear best_score=0.0000 reject_reason=fused_score_too_low
MCM_DECISION | long_score=-3.0077 short_score=1.2359 memory_center=-1.5082 memory_strength=20 self_state=stressed attractor=defense felt_bearing_score=0.5978 felt_profile_label=mixed_unclear best_score=1.2359 reject_reason=-
MCM_DECISION | long_score=0.3428 short_score=-1.9852 memory_center=-1.1858 memory_strength=41 self_state=stressed attractor=defense felt_bearing_score=0.6142 felt_profile_label=mixed_unclear best_score=0.3428 reject_reason=-
MCM_DECISION | long_score=-2.1780 short_score=0.3356 memory_center=-1.0773 memory_strength=28 self_state=stressed attractor=defense felt_bearing_score=0.6044 felt_profile_label=mixed_unclear best_score=0.3356 reject_reason=-
MCM_DECISION | long_score=-3.2968 short_score=1.2246 memory_center=-1.6893 memory_strength=37 self_state=stressed attractor=defense felt_bearing_score=0.6083 felt_profile_label=mixed_unclear best_score=1.2246 reject_reason=-
MCM_DECISION | long_score=-3.0395 short_score=1.1939 memory_center=-2.2236 memory_strength=27 self_state=stressed attractor=defense felt_bearing_score=0.5980 felt_profile_label=mixed_unclear best_score=1.1939 reject_reason=-
MCM_DECISION | long_score=-0.0290 short_score=-1.0605 memory_center=-0.1087 memory_strength=25 self_state=stressed attractor=cooperate felt_bearing_score=0.5937 felt_profile_label=mixed_unclear best_score=0.0000 reject_reason=stressed_block
MCM_DECISION | long_score=-1.8634 short_score=0.8972 memory_center=1.9778 memory_strength=17 self_state=stressed attractor=explore felt_bearing_score=0.5829 felt_profile_label=mixed_unclear best_score=0.8972 reject_reason=-
MCM_DECISION | long_score=-1.6140 short_score=0.1371 memory_center=1.3066 memory_strength=21 self_state=stressed attractor=neutral felt_bearing_score=0.5747 felt_profile_label=mixed_unclear best_score=0.0000 reject_reason=fused_score_too_low
MCM_DECISION | long_score=-2.1598 short_score=1.1380 memory_center=-2.0708 memory_strength=17 self_state=stressed attractor=defense felt_bearing_score=0.5973 felt_profile_label=recovering best_score=1.1380 reject_reason=-
MCM_DECISION | long_score=0.1165 short_score=-1.1811 memory_center=-0.4342 memory_strength=20 self_state=stressed attractor=defense felt_bearing_score=0.5833 felt_profile_label=recovering best_score=0.0000 reject_reason=fused_score_too_low
MCM_DECISION | long_score=-2.2672 short_score=0.6920 memory_center=2.1975 memory_strength=26 self_state=stressed attractor=explore felt_bearing_score=0.3654 felt_profile_label=mixed_unclear best_score=0.6920 reject_reason=-
MCM_DECISION | long_score=-2.6330 short_score=1.1534 memory_center=-0.9886 memory_strength=17 self_state=stressed attractor=defense felt_bearing_score=0.5910 felt_profile_label=mixed_unclear best_score=1.1534 reject_reason=-
MCM_DECISION | long_score=-0.3310 short_score=-1.6283 memory_center=-2.3179 memory_strength=43 self_state=stressed attractor=defense felt_bearing_score=0.5888 felt_profile_label=mixed_unclear best_score=0.0000 reject_reason=fused_score_too_low
MCM_DECISION | long_score=-2.5880 short_score=0.8366 memory_center=-0.6507 memory_strength=29 self_state=stressed attractor=defense felt_bearing_score=0.5800 felt_profile_label=mixed_unclear best_score=0.8366 reject_reason=-
MCM_DECISION | long_score=-2.3438 short_score=0.6307 memory_center=-0.4378 memory_strength=21 self_state=stressed attractor=defense felt_bearing_score=0.5787 felt_profile_label=mixed_unclear best_score=0.6307 reject_reason=-
MCM_DECISION | long_score=-2.4789 short_score=1.1191 memory_center=-0.1955 memory_strength=24 self_state=stressed attractor=cooperate felt_bearing_score=0.5833 felt_profile_label=mixed_unclear best_score=1.1191 reject_reason=-
MCM_DECISION | long_score=-2.7405 short_score=1.1208 memory_center=-2.2652 memory_strength=31 self_state=stressed attractor=defense felt_bearing_score=0.5951 felt_profile_label=recovering best_score=1.1208 reject_reason=-
MCM_DECISION | long_score=-2.9824 short_score=0.9237 memory_center=-2.2965 memory_strength=37 self_state=stressed attractor=defense felt_bearing_score=0.6120 felt_profile_label=mixed_unclear best_score=0.9237 reject_reason=-
MCM_DECISION | long_score=-2.4186 short_score=0.7437 memory_center=-2.1273 memory_strength=35 self_state=stressed attractor=defense felt_bearing_score=0.5992 felt_profile_label=mixed_unclear best_score=0.7437 reject_reason=-
MCM_DECISION | long_score=0.3652 short_score=-2.0212 memory_center=-2.3475 memory_strength=41 self_state=stressed attractor=defense felt_bearing_score=0.5826 felt_profile_label=mixed_unclear best_score=0.3652 reject_reason=-
MCM_DECISION | long_score=-3.1247 short_score=1.4280 memory_center=-2.3778 memory_strength=19 self_state=stressed attractor=defense felt_bearing_score=0.6119 felt_profile_label=mixed_unclear best_score=1.4280 reject_reason=-
MCM_DECISION | long_score=-1.2199 short_score=-0.0644 memory_center=1.4518 memory_strength=21 self_state=stressed attractor=neutral felt_bearing_score=0.5854 felt_profile_label=mixed_unclear best_score=0.0000 reject_reason=fused_score_too_low
MCM_DECISION | long_score=-2.6133 short_score=1.0425 memory_center=0.8281 memory_strength=21 self_state=stressed attractor=cooperate felt_bearing_score=0.5795 felt_profile_label=mixed_unclear best_score=1.0425 reject_reason=-
MCM_DECISION | long_score=0.4435 short_score=-1.8217 memory_center=-2.3994 memory_strength=25 self_state=stressed attractor=defense felt_bearing_score=0.6102 felt_profile_label=recovering best_score=0.4435 reject_reason=-
MCM_DECISION | long_score=-0.2797 short_score=-1.0111 memory_center=1.4257 memory_strength=30 self_state=stressed attractor=neutral felt_bearing_score=0.6189 felt_profile_label=mixed_unclear best_score=0.0000 reject_reason=stressed_block
MCM_DECISION | long_score=1.0401 short_score=-2.2897 memory_center=-0.3582 memory_strength=23 self_state=stressed attractor=defense felt_bearing_score=0.5994 felt_profile_label=mixed_unclear best_score=1.0401 reject_reason=-
MCM_DECISION | long_score=-0.3692 short_score=-1.1755 memory_center=-0.3268 memory_strength=23 self_state=stressed attractor=defense felt_bearing_score=0.5950 felt_profile_label=mixed_unclear best_score=0.0000 reject_reason=stressed_block
MCM_DECISION | long_score=-0.0022 short_score=-1.3393 memory_center=-2.4238 memory_strength=27 self_state=stressed attractor=defense felt_bearing_score=0.6086 felt_profile_label=mixed_unclear best_score=0.0000 reject_reason=fused_score_too_low
MCM_DECISION | long_score=0.0138 short_score=-1.4196 memory_center=-0.9791 memory_strength=36 self_state=stressed attractor=defense felt_bearing_score=0.6265 felt_profile_label=mixed_unclear best_score=0.0000 reject_reason=fused_score_too_low
MCM_DECISION | long_score=-1.6704 short_score=0.4989 memory_center=-0.8871 memory_strength=20 self_state=stressed attractor=defense felt_bearing_score=0.6076 felt_profile_label=mixed_unclear best_score=0.4989 reject_reason=-
MCM_DECISION | long_score=-2.4361 short_score=1.0900 memory_center=1.1234 memory_strength=32 self_state=stressed attractor=cooperate felt_bearing_score=0.6040 felt_profile_label=mixed_unclear best_score=1.0900 reject_reason=-
MCM_DECISION | long_score=-0.2241 short_score=-1.5389 memory_center=-2.1973 memory_strength=32 self_state=stressed attractor=defense felt_bearing_score=0.3746 felt_profile_label=mixed_unclear best_score=0.0000 reject_reason=fused_score_too_low
MCM_DECISION | long_score=-0.7573 short_score=-0.4977 memory_center=-0.4941 memory_strength=21 self_state=stressed attractor=defense felt_bearing_score=0.3928 felt_profile_label=mixed_unclear best_score=0.0000 reject_reason=fused_score_too_low
MCM_DECISION | long_score=-2.7724 short_score=0.8687 memory_center=-1.4820 memory_strength=27 self_state=stressed attractor=defense felt_bearing_score=0.6040 felt_profile_label=mixed_unclear best_score=0.8687 reject_reason=-
MCM_DECISION | long_score=-2.7006 short_score=0.8190 memory_center=-1.3919 memory_strength=31 self_state=stressed attractor=defense felt_bearing_score=0.6137 felt_profile_label=mixed_unclear best_score=0.8190 reject_reason=-
