MCM_STATE | mode=market impulse=-0.1396 motivation=-0.0226 risk=-0.1008 replay=-0.0346 self_state=active attractor=analysis mean_energy=-1.0607 mean_motivation=-0.1493 mean_risk=-0.9882 mean_velocity=0.1674 clusters=1 memory_center=-0.9297 memory_strength=32
MCM_STATE | mode=market impulse=-0.7575 motivation=-0.0823 risk=-0.1444 replay=-0.0039 self_state=stressed attractor=defense mean_energy=-2.3532 mean_motivation=-0.2062 mean_risk=-1.5282 mean_velocity=0.4455 clusters=1 memory_center=-2.8325 memory_strength=27
MCM_STATE | mode=outcome impulse=-0.9392 motivation=-0.2261 risk=-0.2235 replay=-0.0231 self_state=stressed attractor=cooperate mean_energy=0.3514 mean_motivation=-0.0611 mean_risk=-1.6363 mean_velocity=0.2364 clusters=1 memory_center=1.1050 memory_strength=34
MCM_STATE | mode=market impulse=1.0323 motivation=0.1981 risk=-0.1232 replay=-0.0150 self_state=stressed attractor=defense mean_energy=1.1108 mean_motivation=0.2138 mean_risk=-1.7510 mean_velocity=0.5989 clusters=1 memory_center=-1.6762 memory_strength=28
MCM_STATE | mode=market impulse=0.2065 motivation=0.0042 risk=-0.1178 replay=0.0131 self_state=stressed attractor=explore mean_energy=2.2085 mean_motivation=0.2604 mean_risk=-1.9043 mean_velocity=0.3733 clusters=1 memory_center=1.8825 memory_strength=28
MCM_STATE | mode=market impulse=-0.8914 motivation=-0.1320 risk=-0.2247 replay=-0.0197 self_state=stressed attractor=explore mean_energy=-0.5220 mean_motivation=-0.0435 mean_risk=-1.9695 mean_velocity=0.2116 clusters=1 memory_center=1.8742 memory_strength=17
MCM_STATE | mode=market impulse=0.0878 motivation=-0.0291 risk=-0.1504 replay=-0.0064 self_state=stressed attractor=defense mean_energy=-1.3547 mean_motivation=0.0079 mean_risk=-2.0563 mean_velocity=0.3216 clusters=1 memory_center=-1.4226 memory_strength=34
MCM_STATE | mode=market impulse=0.7777 motivation=0.1368 risk=-0.0962 replay=-0.0107 self_state=stressed attractor=defense mean_energy=1.0743 mean_motivation=0.1823 mean_risk=-2.0223 mean_velocity=0.4827 clusters=1 memory_center=-2.4448 memory_strength=36
MCM_STATE | mode=market impulse=-0.6331 motivation=-0.0662 risk=-0.1156 replay=-0.0167 self_state=stressed attractor=cooperate mean_energy=-1.2248 mean_motivation=-0.0214 mean_risk=-1.8973 mean_velocity=0.5159 clusters=1 memory_center=0.3690 memory_strength=21
MCM_STATE | mode=market impulse=-0.1868 motivation=-0.0774 risk=-0.1511 replay=-0.0340 self_state=stressed attractor=defense mean_energy=-1.4523 mean_motivation=-0.0151 mean_risk=-1.9602 mean_velocity=0.3003 clusters=1 memory_center=-1.0796 memory_strength=25
MCM_STATE | mode=market impulse=-0.4151 motivation=-0.0721 risk=-0.1377 replay=0.0035 self_state=stressed attractor=defense mean_energy=-2.3291 mean_motivation=-0.1368 mean_risk=-1.8672 mean_velocity=0.4276 clusters=1 memory_center=-1.3222 memory_strength=32
MCM_STATE | mode=market impulse=1.1879 motivation=0.2405 risk=-0.1474 replay=-0.0038 self_state=stressed attractor=neutral mean_energy=2.3900 mean_motivation=0.3449 mean_risk=-1.8219 mean_velocity=0.5284 clusters=1 memory_center=1.3135 memory_strength=29
MCM_STATE | mode=market impulse=0.9255 motivation=0.2187 risk=-0.0872 replay=0.0035 self_state=stressed attractor=defense mean_energy=-1.3048 mean_motivation=0.0569 mean_risk=-1.9703 mean_velocity=0.1546 clusters=1 memory_center=-1.9068 memory_strength=20
MCM_STATE | mode=market impulse=-1.0075 motivation=-0.0771 risk=-0.2489 replay=-0.0174 self_state=stressed attractor=explore mean_energy=-1.9010 mean_motivation=-0.0555 mean_risk=-2.0613 mean_velocity=0.5635 clusters=1 memory_center=2.1560 memory_strength=24
MCM_STATE | mode=market impulse=0.5963 motivation=0.1293 risk=-0.0457 replay=0.0259 self_state=stressed attractor=defense mean_energy=-1.5562 mean_motivation=-0.0393 mean_risk=-1.8805 mean_velocity=0.1578 clusters=1 memory_center=-2.4400 memory_strength=49
MCM_STATE | mode=market impulse=-1.0459 motivation=-0.0803 risk=-0.2318 replay=0.0019 self_state=stressed attractor=defense mean_energy=-2.4505 mean_motivation=-0.0393 mean_risk=-1.9401 mean_velocity=0.5454 clusters=1 memory_center=-1.3231 memory_strength=23
MCM_STATE | mode=market impulse=0.3856 motivation=0.0915 risk=-0.0452 replay=-0.0028 self_state=stressed attractor=defense mean_energy=0.8498 mean_motivation=0.1779 mean_risk=-1.7627 mean_velocity=0.2704 clusters=1 memory_center=-2.3853 memory_strength=26
MCM_STATE | mode=market impulse=-1.1105 motivation=-0.0995 risk=-0.2821 replay=0.0019 self_state=stressed attractor=defense mean_energy=-2.5080 mean_motivation=-0.1139 mean_risk=-2.1294 mean_velocity=0.7595 clusters=1 memory_center=-2.4541 memory_strength=28
MCM_STATE | mode=market impulse=-0.7355 motivation=-0.0391 risk=-0.2147 replay=0.0100 self_state=stressed attractor=defense mean_energy=-2.5076 mean_motivation=-0.1346 mean_risk=-2.0784 mean_velocity=0.6873 clusters=1 memory_center=-2.4660 memory_strength=50
MCM_STATE | mode=market impulse=-0.0177 motivation=-0.0140 risk=-0.0694 replay=-0.0028 self_state=stressed attractor=defense mean_energy=-1.7844 mean_motivation=-0.0283 mean_risk=-1.7447 mean_velocity=0.2406 clusters=1 memory_center=-2.3778 memory_strength=26
MCM_STATE | mode=market impulse=1.0946 motivation=0.2319 risk=-0.1185 replay=-0.0028 self_state=stressed attractor=explore mean_energy=2.3386 mean_motivation=0.3366 mean_risk=-1.6800 mean_velocity=0.4720 clusters=1 memory_center=2.1965 memory_strength=21
MCM_STATE | mode=market impulse=0.1655 motivation=0.0741 risk=-0.0932 replay=0.0161 self_state=stressed attractor=cooperate mean_energy=-0.7291 mean_motivation=0.0953 mean_risk=-1.9290 mean_velocity=0.1630 clusters=1 memory_center=-0.2672 memory_strength=15
MCM_STATE | mode=market impulse=0.2336 motivation=0.0623 risk=-0.0713 replay=0.0237 self_state=stressed attractor=cooperate mean_energy=-0.6197 mean_motivation=0.0661 mean_risk=-1.9634 mean_velocity=0.2037 clusters=1 memory_center=0.5976 memory_strength=25
MCM_STATE | mode=market impulse=-0.9282 motivation=-0.0970 risk=-0.2028 replay=0.0072 self_state=stressed attractor=defense mean_energy=0.0999 mean_motivation=0.1589 mean_risk=-2.0186 mean_velocity=0.1591 clusters=1 memory_center=-1.3954 memory_strength=28
MCM_STATE | mode=market impulse=0.3600 motivation=0.0392 risk=-0.0996 replay=0.0148 self_state=stressed attractor=defense mean_energy=-1.8849 mean_motivation=-0.1247 mean_risk=-2.0323 mean_velocity=0.2297 clusters=1 memory_center=-2.4124 memory_strength=46
MCM_STATE | mode=market impulse=-1.1114 motivation=-0.1038 risk=-0.2318 replay=-0.0071 self_state=stressed attractor=defense mean_energy=-2.5050 mean_motivation=-0.1549 mean_risk=-1.9451 mean_velocity=0.6428 clusters=1 memory_center=-2.4197 memory_strength=22
MCM_STATE | mode=market impulse=1.1685 motivation=0.2641 risk=-0.1235 replay=0.0074 self_state=stressed attractor=defense mean_energy=-0.0810 mean_motivation=0.2013 mean_risk=-2.0398 mean_velocity=0.1478 clusters=1 memory_center=-1.5205 memory_strength=24
MCM_STATE | mode=market impulse=1.1379 motivation=0.2421 risk=-0.1512 replay=0.0041 self_state=stressed attractor=explore mean_energy=2.4200 mean_motivation=0.4393 mean_risk=-2.0875 mean_velocity=0.6776 clusters=1 memory_center=2.3480 memory_strength=21
MCM_STATE | mode=outcome impulse=0.8265 motivation=0.2850 risk=-0.2085 replay=0.0084 self_state=stressed attractor=explore mean_energy=2.4150 mean_motivation=0.5583 mean_risk=-2.0227 mean_velocity=0.5909 clusters=1 memory_center=2.4109 memory_strength=23
MCM_STATE | mode=market impulse=1.1304 motivation=0.2634 risk=-0.1458 replay=-0.0082 self_state=stressed attractor=defense mean_energy=2.1967 mean_motivation=0.2512 mean_risk=-2.0503 mean_velocity=0.6396 clusters=1 memory_center=-0.6822 memory_strength=27
MCM_STATE | mode=market impulse=0.2794 motivation=0.1295 risk=-0.1741 replay=-0.0053 self_state=stressed attractor=defense mean_energy=-1.8558 mean_motivation=0.0051 mean_risk=-2.0173 mean_velocity=0.1850 clusters=1 memory_center=-2.4477 memory_strength=25
MCM_STATE | mode=market impulse=-1.0290 motivation=-0.0972 risk=-0.2207 replay=0.0141 self_state=stressed attractor=defense mean_energy=-1.1475 mean_motivation=0.0359 mean_risk=-1.9127 mean_velocity=0.6006 clusters=1 memory_center=-2.1571 memory_strength=22
MCM_STATE | mode=market impulse=-0.7117 motivation=-0.1238 risk=-0.1989 replay=0.0289 self_state=stressed attractor=defense mean_energy=-2.3791 mean_motivation=-0.1190 mean_risk=-1.8624 mean_velocity=0.4685 clusters=1 memory_center=-2.1939 memory_strength=28
MCM_STATE | mode=market impulse=-0.9698 motivation=-0.0909 risk=-0.2169 replay=0.0094 self_state=stressed attractor=cooperate mean_energy=-2.4404 mean_motivation=-0.0394 mean_risk=-1.9223 mean_velocity=0.6280 clusters=1 memory_center=-0.2395 memory_strength=31
MCM_STATE | mode=market impulse=0.1712 motivation=0.0086 risk=-0.0799 replay=-0.0285 self_state=stressed attractor=cooperate mean_energy=0.9168 mean_motivation=0.0756 mean_risk=-1.8760 mean_velocity=0.1531 clusters=1 memory_center=0.9957 memory_strength=30
MCM_STATE | mode=market impulse=-0.4418 motivation=-0.0162 risk=-0.0959 replay=0.0103 self_state=stressed attractor=cooperate mean_energy=-1.4617 mean_motivation=-0.0784 mean_risk=-1.8481 mean_velocity=0.4236 clusters=1 memory_center=0.8552 memory_strength=26
MCM_STATE | mode=market impulse=0.1008 motivation=-0.0298 risk=-0.1578 replay=0.0083 self_state=stressed attractor=cooperate mean_energy=0.6757 mean_motivation=0.1188 mean_risk=-1.9447 mean_velocity=0.2296 clusters=1 memory_center=0.6004 memory_strength=34
MCM_STATE | mode=market impulse=0.3488 motivation=0.0788 risk=-0.0377 replay=-0.0297 self_state=stressed attractor=defense mean_energy=-1.6761 mean_motivation=-0.0306 mean_risk=-2.0008 mean_velocity=0.1644 clusters=1 memory_center=-2.3770 memory_strength=36
MCM_STATE | mode=market impulse=1.0906 motivation=0.2471 risk=-0.1278 replay=-0.0180 self_state=stressed attractor=defense mean_energy=0.3625 mean_motivation=0.2218 mean_risk=-1.9937 mean_velocity=0.4360 clusters=1 memory_center=-1.3684 memory_strength=32
MCM_STATE | mode=market impulse=-0.8799 motivation=-0.1206 risk=-0.2050 replay=-0.0175 self_state=stressed attractor=defense mean_energy=-2.1332 mean_motivation=-0.0785 mean_risk=-1.9232 mean_velocity=0.4586 clusters=1 memory_center=-1.3134 memory_strength=45
MCM_STATE | mode=market impulse=-0.9197 motivation=-0.1195 risk=-0.2175 replay=-0.0028 self_state=stressed attractor=neutral mean_energy=0.0719 mean_motivation=0.0345 mean_risk=-1.9255 mean_velocity=0.2476 clusters=1 memory_center=1.2934 memory_strength=30
MCM_STATE | mode=market impulse=-0.5929 motivation=-0.0394 risk=-0.1284 replay=-0.0110 self_state=stressed attractor=explore mean_energy=1.5135 mean_motivation=0.3083 mean_risk=-2.0487 mean_velocity=0.2053 clusters=1 memory_center=2.3678 memory_strength=30
MCM_STATE | mode=market impulse=-1.0205 motivation=-0.1043 risk=-0.2336 replay=0.0289 self_state=stressed attractor=neutral mean_energy=-1.3647 mean_motivation=-0.0504 mean_risk=-1.8158 mean_velocity=0.6013 clusters=1 memory_center=1.4311 memory_strength=29
MCM_STATE | mode=market impulse=-1.0276 motivation=-0.0800 risk=-0.2526 replay=-0.0084 self_state=stressed attractor=cooperate mean_energy=-0.8128 mean_motivation=-0.0021 mean_risk=-1.6817 mean_velocity=0.4776 clusters=1 memory_center=0.7399 memory_strength=37
MCM_STATE | mode=market impulse=0.5395 motivation=0.1356 risk=-0.0373 replay=0.0058 self_state=stressed attractor=defense mean_energy=-1.5043 mean_motivation=-0.0264 mean_risk=-1.5673 mean_velocity=0.1346 clusters=1 memory_center=-2.3544 memory_strength=38
MCM_STATE | mode=market impulse=0.9068 motivation=0.1811 risk=-0.0960 replay=-0.0178 self_state=stressed attractor=defense mean_energy=2.0405 mean_motivation=0.2911 mean_risk=-1.9032 mean_velocity=0.5141 clusters=1 memory_center=-2.0620 memory_strength=28
MCM_STATE | mode=market impulse=-0.3193 motivation=0.0089 risk=-0.1647 replay=0.0094 self_state=stressed attractor=defense mean_energy=-1.0917 mean_motivation=0.0563 mean_risk=-2.0364 mean_velocity=0.2281 clusters=1 memory_center=-1.2488 memory_strength=20
MCM_STATE | mode=market impulse=-0.0289 motivation=-0.0382 risk=-0.1210 replay=-0.0161 self_state=stressed attractor=defense mean_energy=-1.3251 mean_motivation=0.0030 mean_risk=-1.9717 mean_velocity=0.3471 clusters=1 memory_center=-1.2674 memory_strength=43
MCM_STATE | mode=market impulse=-0.3142 motivation=-0.0210 risk=-0.0477 replay=-0.0084 self_state=stressed attractor=explore mean_energy=-0.3179 mean_motivation=0.0313 mean_risk=-1.7537 mean_velocity=0.2922 clusters=1 memory_center=1.7574 memory_strength=22
MCM_STATE | mode=market impulse=1.4606 motivation=0.1171 risk=-0.1919 replay=-0.0241 self_state=stressed attractor=neutral mean_energy=2.4146 mean_motivation=0.1331 mean_risk=-1.9538 mean_velocity=0.5979 clusters=1 memory_center=1.2784 memory_strength=36
MCM_STATE | mode=market impulse=1.2555 motivation=0.2741 risk=-0.1667 replay=0.0058 self_state=stressed attractor=cooperate mean_energy=0.6131 mean_motivation=0.1599 mean_risk=-2.0591 mean_velocity=0.5237 clusters=1 memory_center=0.1469 memory_strength=20
MCM_STATE | mode=market impulse=-0.8705 motivation=-0.0849 risk=-0.2048 replay=-0.0084 self_state=stressed attractor=defense mean_energy=-2.3756 mean_motivation=-0.1420 mean_risk=-1.8662 mean_velocity=0.4912 clusters=1 memory_center=-1.2882 memory_strength=38
MCM_STATE | mode=market impulse=-1.0828 motivation=-0.1112 risk=-0.2564 replay=0.0058 self_state=stressed attractor=defense mean_energy=-2.3923 mean_motivation=-0.0341 mean_risk=-1.8253 mean_velocity=0.4875 clusters=1 memory_center=-1.3163 memory_strength=48
MCM_STATE | mode=market impulse=0.0098 motivation=0.0414 risk=-0.0950 replay=-0.0249 self_state=stressed attractor=defense mean_energy=-2.1580 mean_motivation=-0.0520 mean_risk=-1.9105 mean_velocity=0.2955 clusters=1 memory_center=-2.4026 memory_strength=61
MCM_STATE | mode=market impulse=0.5015 motivation=0.1414 risk=-0.0732 replay=-0.0249 self_state=stressed attractor=defense mean_energy=-1.7781 mean_motivation=0.0291 mean_risk=-2.0445 mean_velocity=0.2367 clusters=1 memory_center=-2.4189 memory_strength=54
MCM_STATE | mode=market impulse=-0.7310 motivation=-0.0677 risk=-0.1665 replay=0.0169 self_state=stressed attractor=defense mean_energy=-2.0721 mean_motivation=-0.0338 mean_risk=-1.9630 mean_velocity=0.3933 clusters=1 memory_center=-2.4032 memory_strength=29
MCM_STATE | mode=market impulse=-1.1887 motivation=-0.1360 risk=-0.2781 replay=-0.0084 self_state=stressed attractor=neutral mean_energy=0.2483 mean_motivation=0.0831 mean_risk=-2.1096 mean_velocity=0.2413 clusters=1 memory_center=1.5604 memory_strength=21
MCM_STATE | mode=market impulse=0.4046 motivation=0.0187 risk=-0.1457 replay=0.0211 self_state=stressed attractor=cooperate mean_energy=1.8082 mean_motivation=0.1379 mean_risk=-2.0244 mean_velocity=0.3259 clusters=1 memory_center=0.2606 memory_strength=27
MCM_STATE | mode=market impulse=1.0159 motivation=0.1969 risk=-0.1215 replay=-0.0293 self_state=stressed attractor=defense mean_energy=-0.7500 mean_motivation=0.0137 mean_risk=-2.0492 mean_velocity=0.2327 clusters=1 memory_center=-2.3108 memory_strength=25
MCM_STATE | mode=market impulse=-0.7652 motivation=-0.0990 risk=-0.1604 replay=-0.0096 self_state=stressed attractor=cooperate mean_energy=-0.9608 mean_motivation=0.0256 mean_risk=-1.9232 mean_velocity=0.4317 clusters=1 memory_center=0.2327 memory_strength=32
MCM_STATE | mode=market impulse=-1.1145 motivation=-0.1171 risk=-0.2961 replay=0.0058 self_state=stressed attractor=defense mean_energy=-1.7157 mean_motivation=-0.0304 mean_risk=-2.0985 mean_velocity=0.5234 clusters=1 memory_center=-0.7735 memory_strength=25
MCM_STATE | mode=market impulse=1.1203 motivation=0.2528 risk=-0.1172 replay=-0.0035 self_state=stressed attractor=defense mean_energy=-0.9559 mean_motivation=0.0955 mean_risk=-1.9042 mean_velocity=0.1688 clusters=1 memory_center=-0.6948 memory_strength=21
MCM_STATE | mode=market impulse=0.4202 motivation=0.1383 risk=-0.1711 replay=0.0208 self_state=stressed attractor=neutral mean_energy=1.5220 mean_motivation=0.2398 mean_risk=-1.8313 mean_velocity=0.2971 clusters=1 memory_center=1.2285 memory_strength=21
MCM_STATE | mode=market impulse=0.9459 motivation=0.2409 risk=-0.1231 replay=0.0050 self_state=stressed attractor=neutral mean_energy=2.4139 mean_motivation=0.4525 mean_risk=-1.9150 mean_velocity=0.5888 clusters=1 memory_center=1.3085 memory_strength=19
MCM_STATE | mode=market impulse=-0.6890 motivation=-0.0779 risk=-0.1320 replay=0.0002 self_state=stressed attractor=cooperate mean_energy=-1.2163 mean_motivation=-0.0427 mean_risk=-1.7971 mean_velocity=0.3911 clusters=1 memory_center=-0.1181 memory_strength=25
MCM_STATE | mode=market impulse=0.9378 motivation=0.2220 risk=-0.0663 replay=0.0221 self_state=stressed attractor=defense mean_energy=2.4178 mean_motivation=0.4056 mean_risk=-1.9587 mean_velocity=0.6090 clusters=1 memory_center=-1.0848 memory_strength=17
MCM_STATE | mode=market impulse=-0.6335 motivation=-0.0449 risk=-0.0890 replay=-0.0300 self_state=stressed attractor=defense mean_energy=-2.3331 mean_motivation=-0.0434 mean_risk=-1.9738 mean_velocity=0.4298 clusters=1 memory_center=-2.5014 memory_strength=37
MCM_STATE | mode=market impulse=1.3157 motivation=0.3225 risk=-0.1334 replay=0.0153 self_state=stressed attractor=cooperate mean_energy=1.7488 mean_motivation=0.2889 mean_risk=-1.9479 mean_velocity=0.4130 clusters=1 memory_center=0.1102 memory_strength=29
MCM_STATE | mode=market impulse=0.6352 motivation=0.1271 risk=-0.0821 replay=-0.0174 self_state=stressed attractor=defense mean_energy=-1.6081 mean_motivation=-0.0752 mean_risk=-2.0423 mean_velocity=0.2007 clusters=1 memory_center=-2.4226 memory_strength=26
MCM_STATE | mode=market impulse=0.6063 motivation=0.1730 risk=-0.1143 replay=0.0358 self_state=stressed attractor=cooperate mean_energy=1.3600 mean_motivation=0.2957 mean_risk=-2.0605 mean_velocity=0.5149 clusters=1 memory_center=-0.1336 memory_strength=22
MCM_STATE | mode=market impulse=-0.7648 motivation=-0.0631 risk=-0.1718 replay=-0.0291 self_state=stressed attractor=cooperate mean_energy=-1.2669 mean_motivation=0.0068 mean_risk=-1.8742 mean_velocity=0.4299 clusters=1 memory_center=-0.2123 memory_strength=28
MCM_STATE | mode=market impulse=1.2601 motivation=0.2868 risk=-0.1926 replay=-0.0291 self_state=stressed attractor=cooperate mean_energy=2.4194 mean_motivation=0.4043 mean_risk=-2.0934 mean_velocity=0.6303 clusters=1 memory_center=1.1065 memory_strength=29
MCM_STATE | mode=market impulse=-0.0040 motivation=-0.0136 risk=-0.0987 replay=-0.0127 self_state=stressed attractor=cooperate mean_energy=-1.5049 mean_motivation=-0.0500 mean_risk=-1.9691 mean_velocity=0.2978 clusters=1 memory_center=1.1289 memory_strength=23
MCM_STATE | mode=market impulse=0.8641 motivation=0.2113 risk=-0.0876 replay=-0.0039 self_state=stressed attractor=defense mean_energy=0.0335 mean_motivation=0.1617 mean_risk=-1.8238 mean_velocity=0.3466 clusters=1 memory_center=-2.3495 memory_strength=28
MCM_STATE | mode=market impulse=0.9531 motivation=0.2287 risk=-0.0866 replay=-0.0282 self_state=stressed attractor=neutral mean_energy=1.8378 mean_motivation=0.3010 mean_risk=-1.7528 mean_velocity=0.3966 clusters=1 memory_center=1.2429 memory_strength=26
MCM_STATE | mode=market impulse=1.6784 motivation=0.1412 risk=-0.2137 replay=-0.0282 self_state=stressed attractor=neutral mean_energy=2.4200 mean_motivation=0.1873 mean_risk=-2.0362 mean_velocity=0.9050 clusters=1 memory_center=1.2763 memory_strength=42
MCM_STATE | mode=market impulse=-0.4402 motivation=-0.0652 risk=-0.1099 replay=0.0204 self_state=stressed attractor=defense mean_energy=-1.9376 mean_motivation=-0.1170 mean_risk=-1.9661 mean_velocity=0.3020 clusters=1 memory_center=-1.4472 memory_strength=25
MCM_STATE | mode=market impulse=0.3957 motivation=0.0599 risk=-0.0993 replay=-0.0074 self_state=stressed attractor=cooperate mean_energy=0.8353 mean_motivation=0.0852 mean_risk=-1.6550 mean_velocity=0.2791 clusters=1 memory_center=0.2813 memory_strength=38
MCM_STATE | mode=market impulse=-0.7695 motivation=-0.1255 risk=-0.2224 replay=0.0014 self_state=stressed attractor=defense mean_energy=-2.4646 mean_motivation=-0.1974 mean_risk=-1.7993 mean_velocity=0.5495 clusters=1 memory_center=-2.3777 memory_strength=46
MCM_STATE | mode=market impulse=-0.7225 motivation=-0.0501 risk=-0.1823 replay=-0.0074 self_state=stressed attractor=defense mean_energy=-2.4968 mean_motivation=-0.1440 mean_risk=-1.9466 mean_velocity=0.6093 clusters=1 memory_center=-2.3957 memory_strength=54
MCM_STATE | mode=market impulse=0.0649 motivation=0.0493 risk=-0.0774 replay=0.0088 self_state=stressed attractor=defense mean_energy=-1.1791 mean_motivation=0.0711 mean_risk=-1.9047 mean_velocity=0.3431 clusters=1 memory_center=-2.4303 memory_strength=35
MCM_STATE | mode=market impulse=1.3382 motivation=0.2913 risk=-0.1585 replay=0.0105 self_state=stressed attractor=defense mean_energy=2.4161 mean_motivation=0.3788 mean_risk=-1.6857 mean_velocity=0.6007 clusters=1 memory_center=-1.3337 memory_strength=18
MCM_STATE | mode=market impulse=0.4952 motivation=0.0453 risk=-0.1370 replay=-0.0082 self_state=stressed attractor=explore mean_energy=2.3344 mean_motivation=0.1499 mean_risk=-2.0020 mean_velocity=0.4693 clusters=1 memory_center=2.3678 memory_strength=44
MCM_STATE | mode=market impulse=0.6225 motivation=0.1761 risk=-0.0778 replay=0.0282 self_state=stressed attractor=cooperate mean_energy=0.8650 mean_motivation=0.1207 mean_risk=-1.7639 mean_velocity=0.4016 clusters=1 memory_center=1.0958 memory_strength=23
MCM_STATE | mode=market impulse=-0.2327 motivation=0.0166 risk=-0.1207 replay=0.0005 self_state=stressed attractor=defense mean_energy=-1.0648 mean_motivation=0.0644 mean_risk=-1.7225 mean_velocity=0.1639 clusters=1 memory_center=-2.0590 memory_strength=21
MCM_STATE | mode=market impulse=1.0820 motivation=0.2030 risk=-0.1354 replay=0.0005 self_state=stressed attractor=defense mean_energy=1.3721 mean_motivation=0.3264 mean_risk=-2.0007 mean_velocity=0.4751 clusters=1 memory_center=-2.3391 memory_strength=27
MCM_STATE | mode=outcome impulse=-0.9334 motivation=-0.2261 risk=-0.2235 replay=0.0087 self_state=stressed attractor=cooperate mean_energy=0.2517 mean_motivation=0.0214 mean_risk=-2.0482 mean_velocity=0.1775 clusters=1 memory_center=0.1894 memory_strength=26
MCM_STATE | mode=market impulse=-1.0252 motivation=-0.1029 risk=-0.2307 replay=0.0207 self_state=stressed attractor=explore mean_energy=1.1017 mean_motivation=0.2023 mean_risk=-2.1062 mean_velocity=0.1400 clusters=1 memory_center=2.4025 memory_strength=38
MCM_STATE | mode=market impulse=-1.0987 motivation=-0.1151 risk=-0.2442 replay=0.0025 self_state=stressed attractor=explore mean_energy=-2.5074 mean_motivation=-0.1842 mean_risk=-2.0991 mean_velocity=0.6911 clusters=1 memory_center=2.5649 memory_strength=16
MCM_STATE | mode=market impulse=1.0577 motivation=0.2461 risk=-0.1173 replay=-0.0122 self_state=stressed attractor=defense mean_energy=-0.9232 mean_motivation=0.0567 mean_risk=-2.0638 mean_velocity=0.1557 clusters=1 memory_center=-1.0126 memory_strength=27
MCM_STATE | mode=market impulse=1.4080 motivation=0.3250 risk=-0.1668 replay=-0.0117 self_state=stressed attractor=defense mean_energy=-0.3273 mean_motivation=0.1305 mean_risk=-1.9945 mean_velocity=0.2395 clusters=1 memory_center=-0.9787 memory_strength=28
MCM_STATE | mode=market impulse=0.0952 motivation=0.0555 risk=-0.1182 replay=0.0146 self_state=stressed attractor=cooperate mean_energy=0.1065 mean_motivation=0.1219 mean_risk=-1.9421 mean_velocity=0.1678 clusters=1 memory_center=0.2694 memory_strength=28
MCM_STATE | mode=market impulse=0.9566 motivation=0.2314 risk=-0.0741 replay=-0.0053 self_state=stressed attractor=defense mean_energy=-0.7758 mean_motivation=0.0818 mean_risk=-1.6516 mean_velocity=0.2288 clusters=1 memory_center=-2.1860 memory_strength=25
MCM_STATE | mode=market impulse=-1.0551 motivation=-0.1307 risk=-0.2733 replay=-0.0155 self_state=stressed attractor=defense mean_energy=-2.5079 mean_motivation=-0.2078 mean_risk=-2.1387 mean_velocity=0.7151 clusters=1 memory_center=-2.2620 memory_strength=31
MCM_STATE | mode=market impulse=0.6193 motivation=0.1593 risk=-0.0653 replay=0.0085 self_state=stressed attractor=defense mean_energy=0.7524 mean_motivation=0.2485 mean_risk=-1.9729 mean_velocity=0.4269 clusters=1 memory_center=-2.3226 memory_strength=21
MCM_STATE | mode=market impulse=-0.6589 motivation=-0.0541 risk=-0.1428 replay=-0.0279 self_state=stressed attractor=explore mean_energy=1.2522 mean_motivation=0.1681 mean_risk=-1.9173 mean_velocity=0.1431 clusters=1 memory_center=2.2535 memory_strength=32
MCM_STATE | mode=market impulse=1.0226 motivation=0.2273 risk=-0.0860 replay=0.0146 self_state=stressed attractor=defense mean_energy=-0.9461 mean_motivation=0.0740 mean_risk=-2.0097 mean_velocity=0.1769 clusters=1 memory_center=-1.3210 memory_strength=32
MCM_STATE | mode=market impulse=-0.5467 motivation=-0.0386 risk=-0.1257 replay=0.0202 self_state=stressed attractor=defense mean_energy=-1.3485 mean_motivation=0.0531 mean_risk=-1.8999 mean_velocity=0.3219 clusters=1 memory_center=-1.3939 memory_strength=24
MCM_STATE | mode=market impulse=1.1078 motivation=0.1994 risk=-0.1575 replay=0.0033 self_state=stressed attractor=neutral mean_energy=2.4046 mean_motivation=0.3418 mean_risk=-2.0163 mean_velocity=0.5598 clusters=1 memory_center=1.3275 memory_strength=20
MCM_STATE | mode=market impulse=0.7120 motivation=0.2082 risk=-0.1072 replay=-0.0298 self_state=stressed attractor=explore mean_energy=2.3865 mean_motivation=0.2257 mean_risk=-2.0601 mean_velocity=0.5240 clusters=1 memory_center=2.3429 memory_strength=47
MCM_STATE | mode=market impulse=0.7381 motivation=0.1773 risk=-0.0681 replay=0.0033 self_state=stressed attractor=defense mean_energy=-0.9182 mean_motivation=0.0993 mean_risk=-1.9489 mean_velocity=0.1839 clusters=1 memory_center=-1.3823 memory_strength=26
MCM_STATE | mode=market impulse=0.0381 motivation=0.0544 risk=-0.1393 replay=-0.0098 self_state=stressed attractor=defense mean_energy=-1.4457 mean_motivation=0.0025 mean_risk=-1.7392 mean_velocity=0.1838 clusters=1 memory_center=-1.4986 memory_strength=32
MCM_STATE | mode=market impulse=1.2779 motivation=0.3095 risk=-0.1447 replay=0.0143 self_state=stressed attractor=defense mean_energy=0.2019 mean_motivation=0.2360 mean_risk=-1.8828 mean_velocity=0.3423 clusters=1 memory_center=-1.4076 memory_strength=32
MCM_STATE | mode=market impulse=-0.2534 motivation=-0.0005 risk=-0.0314 replay=-0.0278 self_state=stressed attractor=cooperate mean_energy=0.2781 mean_motivation=0.1537 mean_risk=-1.7086 mean_velocity=0.1545 clusters=1 memory_center=0.4642 memory_strength=33
MCM_STATE | mode=market impulse=0.8219 motivation=0.1924 risk=-0.0819 replay=-0.0256 self_state=stressed attractor=cooperate mean_energy=1.4435 mean_motivation=0.2382 mean_risk=-1.8093 mean_velocity=0.4207 clusters=1 memory_center=0.4867 memory_strength=32
MCM_STATE | mode=market impulse=0.9170 motivation=0.1309 risk=-0.1821 replay=0.0202 self_state=stressed attractor=neutral mean_energy=2.3795 mean_motivation=0.3065 mean_risk=-1.9865 mean_velocity=0.5645 clusters=1 memory_center=1.4610 memory_strength=26
MCM_STATE | mode=market impulse=0.2458 motivation=0.0399 risk=-0.0730 replay=-0.0099 self_state=stressed attractor=explore mean_energy=2.3581 mean_motivation=0.4779 mean_risk=-1.9699 mean_velocity=0.4883 clusters=1 memory_center=2.3692 memory_strength=50
MCM_STATE | mode=market impulse=-0.6441 motivation=-0.0619 risk=-0.1260 replay=0.0126 self_state=stressed attractor=cooperate mean_energy=-0.2922 mean_motivation=0.0189 mean_risk=-1.8103 mean_velocity=0.1593 clusters=1 memory_center=0.2590 memory_strength=26
MCM_STATE | mode=market impulse=0.3827 motivation=0.1101 risk=-0.1252 replay=0.0276 self_state=stressed attractor=explore mean_energy=0.2065 mean_motivation=0.0831 mean_risk=-1.9265 mean_velocity=0.1400 clusters=1 memory_center=2.3021 memory_strength=20
MCM_STATE | mode=market impulse=-0.6894 motivation=-0.0583 risk=-0.1731 replay=-0.0278 self_state=stressed attractor=cooperate mean_energy=-2.3971 mean_motivation=-0.1526 mean_risk=-1.9236 mean_velocity=0.4827 clusters=1 memory_center=0.2467 memory_strength=26
MCM_STATE | mode=market impulse=0.4480 motivation=0.1417 risk=-0.1460 replay=-0.0030 self_state=stressed attractor=defense mean_energy=-0.1105 mean_motivation=0.1671 mean_risk=-1.9602 mean_velocity=0.1823 clusters=1 memory_center=-2.4572 memory_strength=31
MCM_STATE | mode=market impulse=-0.8644 motivation=-0.0745 risk=-0.2330 replay=-0.0100 self_state=stressed attractor=defense mean_energy=-0.3777 mean_motivation=0.0929 mean_risk=-1.9376 mean_velocity=0.3109 clusters=1 memory_center=-2.4923 memory_strength=20
MCM_STATE | mode=market impulse=-0.6611 motivation=-0.0621 risk=-0.1226 replay=-0.0114 self_state=stressed attractor=defense mean_energy=-1.2329 mean_motivation=-0.0512 mean_risk=-1.8550 mean_velocity=0.4554 clusters=1 memory_center=-0.3841 memory_strength=39
MCM_STATE | mode=market impulse=0.0908 motivation=0.0560 risk=-0.0759 replay=0.0276 self_state=stressed attractor=defense mean_energy=-1.5403 mean_motivation=0.0008 mean_risk=-1.6880 mean_velocity=0.1949 clusters=1 memory_center=-0.9041 memory_strength=22
MCM_STATE | mode=market impulse=-0.4980 motivation=-0.0199 risk=-0.1368 replay=0.0018 self_state=stressed attractor=defense mean_energy=-2.3890 mean_motivation=-0.0520 mean_risk=-1.6874 mean_velocity=0.4757 clusters=1 memory_center=-0.7890 memory_strength=22
MCM_STATE | mode=market impulse=0.9364 motivation=0.2219 risk=-0.0910 replay=-0.0046 self_state=stressed attractor=defense mean_energy=2.4132 mean_motivation=0.4064 mean_risk=-1.8983 mean_velocity=0.5843 clusters=1 memory_center=-0.9229 memory_strength=17
MCM_STATE | mode=market impulse=-0.2117 motivation=0.0170 risk=-0.1606 replay=-0.0111 self_state=stressed attractor=neutral mean_energy=-0.2557 mean_motivation=0.1178 mean_risk=-2.0254 mean_velocity=0.2249 clusters=1 memory_center=1.4977 memory_strength=22
MCM_STATE | mode=market impulse=-0.9783 motivation=-0.1248 risk=-0.2351 replay=-0.0046 self_state=stressed attractor=defense mean_energy=-2.4506 mean_motivation=-0.0989 mean_risk=-2.0729 mean_velocity=0.5326 clusters=1 memory_center=-1.2225 memory_strength=23
MCM_STATE | mode=market impulse=-0.5279 motivation=-0.0432 risk=-0.0898 replay=0.0358 self_state=stressed attractor=cooperate mean_energy=1.4295 mean_motivation=0.2568 mean_risk=-2.0044 mean_velocity=0.1478 clusters=1 memory_center=-0.1677 memory_strength=19
MCM_STATE | mode=market impulse=0.3035 motivation=0.0164 risk=-0.1156 replay=0.0358 self_state=stressed attractor=neutral mean_energy=0.3380 mean_motivation=-0.0288 mean_risk=-1.8892 mean_velocity=0.1604 clusters=1 memory_center=1.3784 memory_strength=26
MCM_STATE | mode=market impulse=-0.4807 motivation=-0.0054 risk=-0.1557 replay=0.0358 self_state=stressed attractor=defense mean_energy=-2.3492 mean_motivation=-0.0983 mean_risk=-1.5724 mean_velocity=0.4438 clusters=1 memory_center=-1.6214 memory_strength=39
MCM_STATE | mode=market impulse=-1.1096 motivation=-0.1217 risk=-0.2586 replay=0.0358 self_state=stressed attractor=defense mean_energy=-1.8178 mean_motivation=-0.0469 mean_risk=-1.9465 mean_velocity=0.4870 clusters=1 memory_center=-2.4773 memory_strength=36
MCM_STATE | mode=market impulse=-0.5073 motivation=-0.0244 risk=-0.0977 replay=0.0086 self_state=stressed attractor=defense mean_energy=-2.4143 mean_motivation=-0.1474 mean_risk=-1.8211 mean_velocity=0.4975 clusters=1 memory_center=-2.4060 memory_strength=58
MCM_STATE | mode=market impulse=0.9667 motivation=0.2325 risk=-0.1583 replay=0.0086 self_state=stressed attractor=defense mean_energy=-0.9567 mean_motivation=0.0661 mean_risk=-1.9165 mean_velocity=0.1687 clusters=1 memory_center=-2.2681 memory_strength=50
MCM_STATE | mode=market impulse=-0.4503 motivation=-0.0925 risk=-0.1511 replay=-0.0114 self_state=stressed attractor=explore mean_energy=0.5039 mean_motivation=0.0672 mean_risk=-1.7639 mean_velocity=0.1901 clusters=1 memory_center=1.7178 memory_strength=28
MCM_STATE | mode=market impulse=0.9572 motivation=0.2135 risk=-0.0913 replay=0.0281 self_state=stressed attractor=defense mean_energy=-1.1985 mean_motivation=0.0504 mean_risk=-1.9367 mean_velocity=0.1408 clusters=1 memory_center=-2.4139 memory_strength=34
MCM_STATE | mode=market impulse=-0.7121 motivation=-0.1180 risk=-0.1983 replay=-0.0227 self_state=stressed attractor=defense mean_energy=-2.2790 mean_motivation=-0.0704 mean_risk=-1.8645 mean_velocity=0.4008 clusters=1 memory_center=-1.2301 memory_strength=28
MCM_STATE | mode=market impulse=-0.5209 motivation=-0.0328 risk=-0.1083 replay=0.0221 self_state=stressed attractor=defense mean_energy=-2.0926 mean_motivation=-0.0389 mean_risk=-1.8941 mean_velocity=0.3399 clusters=1 memory_center=-2.4609 memory_strength=43
MCM_STATE | mode=market impulse=0.3103 motivation=0.0880 risk=-0.0525 replay=0.0039 self_state=stressed attractor=defense mean_energy=-1.5582 mean_motivation=0.0511 mean_risk=-1.8952 mean_velocity=0.3021 clusters=1 memory_center=-0.7462 memory_strength=23
MCM_STATE | mode=market impulse=-0.9111 motivation=-0.0907 risk=-0.2146 replay=-0.0083 self_state=stressed attractor=cooperate mean_energy=-0.4623 mean_motivation=0.0324 mean_risk=-1.8449 mean_velocity=0.4175 clusters=1 memory_center=0.9087 memory_strength=24
MCM_STATE | mode=market impulse=1.2500 motivation=0.3010 risk=-0.1356 replay=-0.0131 self_state=stressed attractor=cooperate mean_energy=1.1125 mean_motivation=0.2805 mean_risk=-2.0000 mean_velocity=0.4850 clusters=1 memory_center=-0.2980 memory_strength=30
MCM_STATE | mode=market impulse=0.3417 motivation=0.0389 risk=-0.1075 replay=0.0153 self_state=stressed attractor=cooperate mean_energy=0.7671 mean_motivation=0.1054 mean_risk=-1.7849 mean_velocity=0.2005 clusters=1 memory_center=1.0690 memory_strength=24
MCM_STATE | mode=market impulse=0.0433 motivation=-0.0546 risk=-0.1640 replay=0.0160 self_state=stressed attractor=cooperate mean_energy=-0.0718 mean_motivation=0.0313 mean_risk=-1.9190 mean_velocity=0.1471 clusters=1 memory_center=-0.1928 memory_strength=25
MCM_STATE | mode=market impulse=-0.9797 motivation=-0.0753 risk=-0.2696 replay=-0.0202 self_state=stressed attractor=defense mean_energy=-2.0085 mean_motivation=-0.0517 mean_risk=-1.8998 mean_velocity=0.4759 clusters=1 memory_center=-1.0525 memory_strength=39
MCM_STATE | mode=market impulse=0.4463 motivation=0.1534 risk=-0.1590 replay=-0.0250 self_state=stressed attractor=defense mean_energy=-1.6552 mean_motivation=0.0048 mean_risk=-2.0287 mean_velocity=0.1738 clusters=1 memory_center=-2.4310 memory_strength=55
MCM_STATE | mode=market impulse=-0.9142 motivation=-0.0781 risk=-0.2787 replay=-0.0195 self_state=stressed attractor=cooperate mean_energy=-1.4151 mean_motivation=0.0946 mean_risk=-2.0836 mean_velocity=0.5066 clusters=1 memory_center=0.2291 memory_strength=18
MCM_STATE | mode=market impulse=-0.3955 motivation=-0.0829 risk=-0.1665 replay=-0.0083 self_state=stressed attractor=cooperate mean_energy=0.3108 mean_motivation=0.0771 mean_risk=-1.8799 mean_velocity=0.1472 clusters=1 memory_center=0.8137 memory_strength=16
MCM_STATE | mode=market impulse=0.0518 motivation=0.0427 risk=-0.0779 replay=-0.0239 self_state=stressed attractor=defense mean_energy=-2.1506 mean_motivation=-0.1033 mean_risk=-1.8538 mean_velocity=0.2914 clusters=1 memory_center=-0.4485 memory_strength=24
MCM_STATE | mode=market impulse=1.1922 motivation=0.2741 risk=-0.1211 replay=0.0155 self_state=stressed attractor=cooperate mean_energy=0.0065 mean_motivation=0.1825 mean_risk=-1.7184 mean_velocity=0.1821 clusters=1 memory_center=0.1672 memory_strength=21
MCM_STATE | mode=market impulse=0.7585 motivation=0.1826 risk=-0.0501 replay=0.0286 self_state=stressed attractor=defense mean_energy=-0.5191 mean_motivation=0.1224 mean_risk=-1.6219 mean_velocity=0.1935 clusters=1 memory_center=-1.6993 memory_strength=27
MCM_STATE | mode=market impulse=0.3306 motivation=0.0215 risk=-0.1115 replay=-0.0131 self_state=stressed attractor=defense mean_energy=0.9063 mean_motivation=0.1689 mean_risk=-1.6539 mean_velocity=0.4113 clusters=1 memory_center=-1.5282 memory_strength=22
MCM_STATE | mode=market impulse=-0.9118 motivation=-0.0713 risk=-0.2171 replay=-0.0054 self_state=stressed attractor=defense mean_energy=-2.4976 mean_motivation=-0.1556 mean_risk=-1.7701 mean_velocity=0.6220 clusters=1 memory_center=-2.3722 memory_strength=27
MCM_STATE | mode=market impulse=-1.1182 motivation=-0.1318 risk=-0.2614 replay=0.0286 self_state=stressed attractor=cooperate mean_energy=-1.2662 mean_motivation=0.0035 mean_risk=-1.9735 mean_velocity=0.5740 clusters=1 memory_center=0.2448 memory_strength=25
MCM_STATE | mode=market impulse=-0.8966 motivation=-0.1064 risk=-0.1991 replay=0.0137 self_state=stressed attractor=defense mean_energy=-2.3621 mean_motivation=-0.0346 mean_risk=-2.0933 mean_velocity=0.4531 clusters=1 memory_center=-1.5101 memory_strength=43
MCM_STATE | mode=market impulse=0.2608 motivation=0.0223 risk=-0.0878 replay=-0.0024 self_state=stressed attractor=cooperate mean_energy=0.8302 mean_motivation=0.0595 mean_risk=-1.9431 mean_velocity=0.1882 clusters=1 memory_center=0.6627 memory_strength=29
MCM_STATE | mode=market impulse=-0.6139 motivation=-0.0747 risk=-0.1241 replay=-0.0124 self_state=stressed attractor=cooperate mean_energy=1.2896 mean_motivation=0.2114 mean_risk=-2.0167 mean_velocity=0.1311 clusters=1 memory_center=0.7736 memory_strength=22
MCM_STATE | mode=market impulse=-0.0474 motivation=0.0201 risk=-0.0883 replay=-0.0284 self_state=stressed attractor=cooperate mean_energy=0.6653 mean_motivation=0.2457 mean_risk=-1.9580 mean_velocity=0.1618 clusters=1 memory_center=0.4441 memory_strength=26
MCM_STATE | mode=market impulse=0.8409 motivation=0.1913 risk=-0.1551 replay=0.0104 self_state=stressed attractor=defense mean_energy=1.8199 mean_motivation=0.3118 mean_risk=-2.0261 mean_velocity=0.5518 clusters=1 memory_center=-2.2610 memory_strength=24
MCM_STATE | mode=market impulse=1.0170 motivation=0.2272 risk=-0.1189 replay=0.0281 self_state=stressed attractor=cooperate mean_energy=1.3379 mean_motivation=0.2244 mean_risk=-2.0713 mean_velocity=0.3611 clusters=1 memory_center=0.3271 memory_strength=29
MCM_STATE | mode=market impulse=0.7609 motivation=0.1947 risk=-0.0675 replay=-0.0052 self_state=stressed attractor=defense mean_energy=-0.2901 mean_motivation=0.1172 mean_risk=-2.0214 mean_velocity=0.2297 clusters=1 memory_center=-2.4462 memory_strength=21
MCM_STATE | mode=market impulse=0.9676 motivation=0.2544 risk=-0.1157 replay=-0.0167 self_state=stressed attractor=defense mean_energy=0.7328 mean_motivation=0.2744 mean_risk=-2.0189 mean_velocity=0.5273 clusters=1 memory_center=-1.3890 memory_strength=25
MCM_STATE | mode=market impulse=-0.3661 motivation=-0.0257 risk=-0.0583 replay=-0.0284 self_state=stressed attractor=defense mean_energy=-2.0495 mean_motivation=-0.0803 mean_risk=-1.9038 mean_velocity=0.3540 clusters=1 memory_center=-1.5579 memory_strength=19
MCM_STATE | mode=market impulse=-0.5920 motivation=-0.0345 risk=-0.1161 replay=-0.0226 self_state=stressed attractor=defense mean_energy=-2.4696 mean_motivation=-0.0946 mean_risk=-2.0298 mean_velocity=0.5568 clusters=1 memory_center=-2.4791 memory_strength=38
MCM_STATE | mode=market impulse=0.6849 motivation=0.1961 risk=-0.0656 replay=-0.0226 self_state=stressed attractor=defense mean_energy=-1.2973 mean_motivation=0.0732 mean_risk=-1.9796 mean_velocity=0.1498 clusters=1 memory_center=-2.3810 memory_strength=64
MCM_STATE | mode=market impulse=1.2271 motivation=0.2741 risk=-0.1299 replay=0.0351 self_state=stressed attractor=defense mean_energy=0.2556 mean_motivation=0.2204 mean_risk=-1.9684 mean_velocity=0.3976 clusters=1 memory_center=-2.4223 memory_strength=43
MCM_STATE | mode=market impulse=0.5768 motivation=0.1224 risk=-0.0764 replay=-0.0187 self_state=stressed attractor=cooperate mean_energy=0.5681 mean_motivation=0.1160 mean_risk=-1.6084 mean_velocity=0.2009 clusters=1 memory_center=0.8751 memory_strength=26
MCM_STATE | mode=market impulse=-0.7717 motivation=-0.0475 risk=-0.1722 replay=-0.0226 self_state=active attractor=cooperate mean_energy=-0.3660 mean_motivation=0.1673 mean_risk=-1.3408 mean_velocity=0.3385 clusters=1 memory_center=0.7049 memory_strength=38
MCM_STATE | mode=market impulse=-1.1823 motivation=-0.1262 risk=-0.2731 replay=-0.0211 self_state=stressed attractor=defense mean_energy=-2.4497 mean_motivation=-0.0252 mean_risk=-1.6126 mean_velocity=0.5436 clusters=1 memory_center=-1.1927 memory_strength=25
MCM_STATE | mode=market impulse=-0.8981 motivation=-0.0757 risk=-0.1980 replay=0.0022 self_state=stressed attractor=defense mean_energy=-1.3983 mean_motivation=0.0655 mean_risk=-1.8597 mean_velocity=0.4655 clusters=1 memory_center=-2.5198 memory_strength=26
MCM_STATE | mode=market impulse=-0.4035 motivation=-0.0378 risk=-0.0588 replay=-0.0224 self_state=stressed attractor=neutral mean_energy=1.1171 mean_motivation=0.1624 mean_risk=-1.7676 mean_velocity=0.1513 clusters=1 memory_center=1.4572 memory_strength=25
MCM_STATE | mode=market impulse=-0.3418 motivation=-0.0881 risk=-0.1498 replay=0.0351 self_state=stressed attractor=neutral mean_energy=-1.1122 mean_motivation=-0.0544 mean_risk=-1.9421 mean_velocity=0.4804 clusters=1 memory_center=1.2282 memory_strength=32
MCM_STATE | mode=market impulse=-0.0657 motivation=-0.0438 risk=-0.1247 replay=0.0095 self_state=stressed attractor=cooperate mean_energy=0.0865 mean_motivation=0.1051 mean_risk=-1.9645 mean_velocity=0.1950 clusters=1 memory_center=0.0770 memory_strength=21
MCM_STATE | mode=market impulse=-1.0659 motivation=-0.0927 risk=-0.2409 replay=0.0010 self_state=stressed attractor=defense mean_energy=-2.3888 mean_motivation=-0.0077 mean_risk=-1.9247 mean_velocity=0.5595 clusters=1 memory_center=-0.9897 memory_strength=26
MCM_STATE | mode=market impulse=-1.0970 motivation=-0.1362 risk=-0.2703 replay=0.0216 self_state=stressed attractor=defense mean_energy=-1.2966 mean_motivation=0.0594 mean_risk=-1.9061 mean_velocity=0.5603 clusters=1 memory_center=-0.9414 memory_strength=27
MCM_STATE | mode=market impulse=0.9008 motivation=0.1818 risk=-0.1405 replay=0.0216 self_state=stressed attractor=cooperate mean_energy=0.8798 mean_motivation=0.2131 mean_risk=-1.7212 mean_velocity=0.3517 clusters=1 memory_center=-0.0997 memory_strength=27
MCM_STATE | mode=market impulse=0.6229 motivation=0.1583 risk=-0.1193 replay=0.0287 self_state=stressed attractor=defense mean_energy=-0.5863 mean_motivation=0.1094 mean_risk=-1.5840 mean_velocity=0.1619 clusters=1 memory_center=-1.1782 memory_strength=26
MCM_STATE | mode=market impulse=0.7450 motivation=0.1727 risk=-0.0437 replay=0.0017 self_state=stressed attractor=defense mean_energy=1.1531 mean_motivation=0.2649 mean_risk=-1.7930 mean_velocity=0.4936 clusters=1 memory_center=-1.4119 memory_strength=24
MCM_STATE | mode=market impulse=-0.7038 motivation=-0.1032 risk=-0.1620 replay=-0.0226 self_state=stressed attractor=explore mean_energy=-1.2980 mean_motivation=-0.0153 mean_risk=-1.9469 mean_velocity=0.5847 clusters=1 memory_center=2.1190 memory_strength=20
MCM_STATE | mode=market impulse=0.8178 motivation=0.1757 risk=-0.0874 replay=-0.0088 self_state=stressed attractor=cooperate mean_energy=2.4158 mean_motivation=0.3701 mean_risk=-1.9395 mean_velocity=0.6017 clusters=1 memory_center=0.7022 memory_strength=20
MCM_STATE | mode=market impulse=-1.3731 motivation=-0.0482 risk=-0.3134 replay=0.0201 self_state=stressed attractor=neutral mean_energy=-1.4945 mean_motivation=-0.0032 mean_risk=-2.1450 mean_velocity=0.7323 clusters=1 memory_center=1.2134 memory_strength=22
MCM_STATE | mode=market impulse=0.4593 motivation=0.0559 risk=-0.1130 replay=-0.0295 self_state=stressed attractor=defense mean_energy=-1.1089 mean_motivation=0.0171 mean_risk=-1.9965 mean_velocity=0.2749 clusters=1 memory_center=-1.5938 memory_strength=25
MCM_STATE | mode=market impulse=1.1099 motivation=0.2502 risk=-0.1192 replay=-0.0172 self_state=stressed attractor=defense mean_energy=-0.3926 mean_motivation=0.1632 mean_risk=-1.9961 mean_velocity=0.3159 clusters=1 memory_center=-2.0009 memory_strength=25
MCM_STATE | mode=market impulse=0.3351 motivation=0.0962 risk=-0.0413 replay=-0.0109 self_state=stressed attractor=explore mean_energy=1.9075 mean_motivation=0.2425 mean_risk=-1.6895 mean_velocity=0.2542 clusters=1 memory_center=2.3271 memory_strength=28
MCM_STATE | mode=market impulse=1.0909 motivation=0.2296 risk=-0.1083 replay=0.0324 self_state=stressed attractor=explore mean_energy=2.4195 mean_motivation=0.4453 mean_risk=-1.6351 mean_velocity=0.6383 clusters=1 memory_center=2.2786 memory_strength=38
MCM_STATE | mode=market impulse=-1.0062 motivation=-0.0989 risk=-0.2373 replay=-0.0018 self_state=stressed attractor=explore mean_energy=-1.0948 mean_motivation=-0.1036 mean_risk=-1.8221 mean_velocity=0.4553 clusters=1 memory_center=2.0786 memory_strength=30
MCM_STATE | mode=market impulse=-1.0600 motivation=-0.1129 risk=-0.2265 replay=-0.0173 self_state=stressed attractor=defense mean_energy=-2.5063 mean_motivation=-0.1663 mean_risk=-2.0148 mean_velocity=0.6631 clusters=1 memory_center=-1.1798 memory_strength=23
MCM_STATE | mode=market impulse=1.4142 motivation=0.3346 risk=-0.1558 replay=-0.0024 self_state=stressed attractor=defense mean_energy=0.3555 mean_motivation=0.1805 mean_risk=-1.9928 mean_velocity=0.2855 clusters=1 memory_center=-0.5441 memory_strength=24
MCM_STATE | mode=market impulse=-1.1325 motivation=-0.1217 risk=-0.2599 replay=-0.0298 self_state=stressed attractor=cooperate mean_energy=-1.2996 mean_motivation=-0.0019 mean_risk=-1.9313 mean_velocity=0.6203 clusters=1 memory_center=0.3072 memory_strength=19
MCM_STATE | mode=outcome impulse=0.8257 motivation=0.2850 risk=-0.2085 replay=0.0037 self_state=stressed attractor=defense mean_energy=0.4802 mean_motivation=0.3305 mean_risk=-2.1161 mean_velocity=0.4216 clusters=1 memory_center=-2.4537 memory_strength=37
MCM_STATE | mode=market impulse=-0.3031 motivation=-0.0164 risk=-0.1114 replay=0.0055 self_state=stressed attractor=cooperate mean_energy=1.6912 mean_motivation=0.2650 mean_risk=-2.0334 mean_velocity=0.1675 clusters=1 memory_center=0.4570 memory_strength=16
MCM_STATE | mode=market impulse=-1.0397 motivation=-0.0868 risk=-0.2402 replay=0.0132 self_state=stressed attractor=defense mean_energy=-2.5046 mean_motivation=-0.1167 mean_risk=-1.9627 mean_velocity=0.6559 clusters=1 memory_center=-1.1478 memory_strength=28
MCM_STATE | mode=market impulse=-0.3627 motivation=-0.0147 risk=-0.0507 replay=0.0208 self_state=stressed attractor=defense mean_energy=-1.3184 mean_motivation=0.0039 mean_risk=-1.8391 mean_velocity=0.3550 clusters=1 memory_center=-2.2681 memory_strength=40
MCM_STATE | mode=market impulse=0.4909 motivation=0.0994 risk=-0.0656 replay=-0.0173 self_state=stressed attractor=defense mean_energy=-0.6693 mean_motivation=0.0881 mean_risk=-1.7652 mean_velocity=0.1807 clusters=1 memory_center=-2.3229 memory_strength=45
MCM_STATE | mode=market impulse=1.0685 motivation=0.1859 risk=-0.1553 replay=-0.0279 self_state=stressed attractor=defense mean_energy=-1.1383 mean_motivation=0.0100 mean_risk=-1.9781 mean_velocity=0.1500 clusters=1 memory_center=-2.4102 memory_strength=24
MCM_STATE | mode=market impulse=-0.7464 motivation=-0.1016 risk=-0.1639 replay=0.0079 self_state=stressed attractor=defense mean_energy=-1.8750 mean_motivation=-0.0974 mean_risk=-1.9917 mean_velocity=0.5201 clusters=1 memory_center=-0.9525 memory_strength=26
MCM_STATE | mode=market impulse=0.8716 motivation=0.2225 risk=-0.1316 replay=-0.0204 self_state=stressed attractor=defense mean_energy=-1.3748 mean_motivation=0.0862 mean_risk=-2.0620 mean_velocity=0.1634 clusters=1 memory_center=-0.9119 memory_strength=28
MCM_STATE | mode=market impulse=-1.0967 motivation=-0.1159 risk=-0.2588 replay=-0.0074 self_state=stressed attractor=defense mean_energy=-2.2962 mean_motivation=-0.0517 mean_risk=-2.0331 mean_velocity=0.5137 clusters=1 memory_center=-1.4001 memory_strength=26
MCM_STATE | mode=market impulse=-0.1752 motivation=0.0202 risk=-0.1659 replay=0.0277 self_state=stressed attractor=defense mean_energy=0.3742 mean_motivation=0.1118 mean_risk=-2.1032 mean_velocity=0.1696 clusters=1 memory_center=-2.4978 memory_strength=39
MCM_STATE | mode=market impulse=-0.5441 motivation=-0.0224 risk=-0.1756 replay=-0.0168 self_state=stressed attractor=cooperate mean_energy=-1.9699 mean_motivation=-0.0338 mean_risk=-1.9834 mean_velocity=0.5195 clusters=1 memory_center=-0.0775 memory_strength=18
MCM_STATE | mode=market impulse=-0.4477 motivation=-0.1017 risk=-0.1846 replay=0.0198 self_state=stressed attractor=defense mean_energy=-2.0383 mean_motivation=-0.0724 mean_risk=-1.9972 mean_velocity=0.3946 clusters=1 memory_center=-1.0337 memory_strength=20
MCM_STATE | mode=market impulse=-1.1466 motivation=-0.1389 risk=-0.3287 replay=-0.0073 self_state=stressed attractor=cooperate mean_energy=-1.4730 mean_motivation=-0.0165 mean_risk=-2.0588 mean_velocity=0.6824 clusters=1 memory_center=0.0550 memory_strength=33
MCM_STATE | mode=market impulse=1.1375 motivation=0.2608 risk=-0.1604 replay=0.0277 self_state=stressed attractor=cooperate mean_energy=1.3891 mean_motivation=0.2650 mean_risk=-2.0422 mean_velocity=0.5444 clusters=1 memory_center=-0.0162 memory_strength=28
MCM_STATE | mode=market impulse=-0.3393 motivation=0.0125 risk=-0.1580 replay=-0.0300 self_state=stressed attractor=defense mean_energy=-1.6259 mean_motivation=0.0501 mean_risk=-1.9625 mean_velocity=0.2250 clusters=1 memory_center=-1.4638 memory_strength=23
MCM_STATE | mode=market impulse=0.6422 motivation=0.0958 risk=-0.1126 replay=0.0277 self_state=stressed attractor=defense mean_energy=-0.4665 mean_motivation=0.1340 mean_risk=-1.8730 mean_velocity=0.2428 clusters=1 memory_center=-1.5335 memory_strength=37
MCM_STATE | mode=market impulse=-1.0288 motivation=-0.1064 risk=-0.2127 replay=-0.0008 self_state=stressed attractor=cooperate mean_energy=-2.4785 mean_motivation=-0.2052 mean_risk=-1.8707 mean_velocity=0.7088 clusters=1 memory_center=0.2220 memory_strength=26
MCM_STATE | mode=market impulse=0.6126 motivation=0.0131 risk=-0.1613 replay=-0.0343 self_state=stressed attractor=defense mean_energy=-1.3833 mean_motivation=-0.1181 mean_risk=-2.0982 mean_velocity=0.1620 clusters=1 memory_center=-2.5801 memory_strength=37
MCM_STATE | mode=market impulse=0.9864 motivation=0.2218 risk=-0.0826 replay=0.0145 self_state=stressed attractor=defense mean_energy=1.1372 mean_motivation=0.2861 mean_risk=-1.9162 mean_velocity=0.5835 clusters=1 memory_center=-2.2797 memory_strength=35
MCM_STATE | mode=market impulse=0.9660 motivation=0.2426 risk=-0.1241 replay=-0.0274 self_state=stressed attractor=defense mean_energy=-0.9216 mean_motivation=0.0774 mean_risk=-2.0712 mean_velocity=0.1545 clusters=1 memory_center=-2.2177 memory_strength=22
MCM_STATE | mode=market impulse=0.9526 motivation=0.2334 risk=-0.0953 replay=-0.0343 self_state=stressed attractor=defense mean_energy=-1.0687 mean_motivation=0.0514 mean_risk=-1.9930 mean_velocity=0.1464 clusters=1 memory_center=-0.7553 memory_strength=23
MCM_STATE | mode=market impulse=-1.1274 motivation=-0.1235 risk=-0.3047 replay=-0.0096 self_state=stressed attractor=cooperate mean_energy=-2.5080 mean_motivation=-0.1536 mean_risk=-1.9085 mean_velocity=0.7504 clusters=1 memory_center=0.2294 memory_strength=25
MCM_STATE | mode=market impulse=-0.6676 motivation=-0.1281 risk=-0.2415 replay=-0.0253 self_state=stressed attractor=defense mean_energy=0.0684 mean_motivation=0.0832 mean_risk=-1.9518 mean_velocity=0.1453 clusters=1 memory_center=-2.0402 memory_strength=20
MCM_STATE | mode=market impulse=0.0079 motivation=-0.0121 risk=-0.0805 replay=-0.0301 self_state=stressed attractor=defense mean_energy=-1.5612 mean_motivation=-0.0703 mean_risk=-2.0349 mean_velocity=0.2686 clusters=1 memory_center=-2.5104 memory_strength=37
MCM_STATE | mode=market impulse=-0.5721 motivation=-0.0253 risk=-0.1456 replay=-0.0184 self_state=stressed attractor=defense mean_energy=-2.4823 mean_motivation=-0.1120 mean_risk=-1.9738 mean_velocity=0.5769 clusters=1 memory_center=-2.5083 memory_strength=22
MCM_STATE | mode=market impulse=-1.0429 motivation=-0.1032 risk=-0.2143 replay=-0.0268 self_state=stressed attractor=defense mean_energy=-2.5035 mean_motivation=-0.1602 mean_risk=-1.9988 mean_velocity=0.6459 clusters=1 memory_center=-2.1232 memory_strength=35
MCM_STATE | mode=market impulse=1.7618 motivation=0.1531 risk=-0.2347 replay=-0.0271 self_state=stressed attractor=cooperate mean_energy=2.3832 mean_motivation=0.1613 mean_risk=-2.1253 mean_velocity=0.5306 clusters=1 memory_center=0.6905 memory_strength=25
MCM_STATE | mode=market impulse=0.6489 motivation=0.1322 risk=-0.0783 replay=-0.0253 self_state=stressed attractor=explore mean_energy=2.2857 mean_motivation=0.2681 mean_risk=-1.9646 mean_velocity=0.4295 clusters=1 memory_center=2.2711 memory_strength=39
MCM_STATE | mode=market impulse=1.2710 motivation=0.2875 risk=-0.1733 replay=-0.0100 self_state=stressed attractor=cooperate mean_energy=0.8552 mean_motivation=0.1743 mean_risk=-2.0963 mean_velocity=0.4835 clusters=1 memory_center=0.6006 memory_strength=24
MCM_STATE | mode=market impulse=1.2675 motivation=0.3019 risk=-0.1417 replay=0.0005 self_state=stressed attractor=cooperate mean_energy=1.3639 mean_motivation=0.2543 mean_risk=-2.0215 mean_velocity=0.3706 clusters=1 memory_center=0.0297 memory_strength=24
MCM_STATE | mode=market impulse=-0.4775 motivation=-0.0164 risk=-0.1217 replay=-0.0343 self_state=stressed attractor=cooperate mean_energy=-0.3966 mean_motivation=0.0343 mean_risk=-2.0084 mean_velocity=0.1817 clusters=1 memory_center=0.2395 memory_strength=30
MCM_STATE | mode=market impulse=1.0505 motivation=0.2385 risk=-0.0962 replay=0.0023 self_state=stressed attractor=defense mean_energy=0.4692 mean_motivation=0.1897 mean_risk=-1.8835 mean_velocity=0.4253 clusters=1 memory_center=-0.7836 memory_strength=26
MCM_STATE | mode=market impulse=1.0862 motivation=0.2766 risk=-0.1251 replay=-0.0212 self_state=stressed attractor=cooperate mean_energy=1.4107 mean_motivation=0.1840 mean_risk=-1.8152 mean_velocity=0.3901 clusters=1 memory_center=0.3227 memory_strength=35
MCM_STATE | mode=market impulse=0.8192 motivation=0.1820 risk=-0.0650 replay=-0.0150 self_state=stressed attractor=defense mean_energy=-0.9908 mean_motivation=0.0817 mean_risk=-1.9914 mean_velocity=0.1721 clusters=1 memory_center=-2.1884 memory_strength=32
MCM_STATE | mode=market impulse=0.3071 motivation=0.0444 risk=-0.0853 replay=-0.0343 self_state=stressed attractor=cooperate mean_energy=-0.7040 mean_motivation=0.0481 mean_risk=-1.8831 mean_velocity=0.1975 clusters=1 memory_center=0.0829 memory_strength=29
MCM_STATE | mode=market impulse=-0.2272 motivation=0.0135 risk=-0.1190 replay=0.0227 self_state=stressed attractor=cooperate mean_energy=-2.3779 mean_motivation=-0.1085 mean_risk=-1.9712 mean_velocity=0.4672 clusters=1 memory_center=0.1884 memory_strength=21
MCM_STATE | mode=market impulse=0.6433 motivation=0.1992 risk=-0.1242 replay=-0.0189 self_state=stressed attractor=cooperate mean_energy=1.3488 mean_motivation=0.3165 mean_risk=-1.9849 mean_velocity=0.2457 clusters=1 memory_center=0.8016 memory_strength=15
MCM_STATE | mode=market impulse=0.0068 motivation=0.0377 risk=-0.0831 replay=-0.0032 self_state=stressed attractor=neutral mean_energy=-0.4673 mean_motivation=0.0547 mean_risk=-1.8700 mean_velocity=0.2166 clusters=1 memory_center=1.2860 memory_strength=20
MCM_STATE | mode=market impulse=1.0683 motivation=0.2606 risk=-0.1452 replay=0.0227 self_state=stressed attractor=defense mean_energy=1.7214 mean_motivation=0.3296 mean_risk=-1.8046 mean_velocity=0.4824 clusters=1 memory_center=-0.4965 memory_strength=27
MCM_STATE | mode=market impulse=-1.4583 motivation=-0.0614 risk=-0.3395 replay=-0.0060 self_state=stressed attractor=cooperate mean_energy=-2.5080 mean_motivation=-0.0680 mean_risk=-2.1281 mean_velocity=0.8633 clusters=1 memory_center=0.3500 memory_strength=17
MCM_STATE | mode=market impulse=-0.0498 motivation=0.0043 risk=-0.0504 replay=-0.0246 self_state=stressed attractor=cooperate mean_energy=1.2384 mean_motivation=0.1194 mean_risk=-1.8702 mean_velocity=0.2472 clusters=1 memory_center=1.1739 memory_strength=26
MCM_STATE | mode=market impulse=0.7768 motivation=0.1499 risk=-0.0729 replay=0.0264 self_state=stressed attractor=defense mean_energy=-0.6186 mean_motivation=0.0842 mean_risk=-1.9290 mean_velocity=0.1497 clusters=1 memory_center=-1.4638 memory_strength=21
MCM_STATE | mode=market impulse=-0.7417 motivation=-0.0993 risk=-0.1597 replay=0.0115 self_state=stressed attractor=defense mean_energy=-1.5321 mean_motivation=0.0029 mean_risk=-2.0419 mean_velocity=0.6484 clusters=1 memory_center=-0.4115 memory_strength=20
MCM_STATE | mode=market impulse=-1.0611 motivation=-0.1396 risk=-0.2486 replay=0.0141 self_state=stressed attractor=cooperate mean_energy=-1.6501 mean_motivation=-0.0998 mean_risk=-2.1084 mean_velocity=0.5088 clusters=1 memory_center=0.1887 memory_strength=17
MCM_STATE | mode=market impulse=-0.6988 motivation=-0.0916 risk=-0.1541 replay=-0.0246 self_state=stressed attractor=defense mean_energy=-1.7160 mean_motivation=-0.0871 mean_risk=-2.0869 mean_velocity=0.4662 clusters=1 memory_center=-1.5780 memory_strength=20
MCM_STATE | mode=market impulse=-0.0373 motivation=-0.0001 risk=-0.0525 replay=-0.0203 self_state=stressed attractor=neutral mean_energy=1.1630 mean_motivation=0.0887 mean_risk=-1.8205 mean_velocity=0.1880 clusters=1 memory_center=1.2767 memory_strength=39
MCM_STATE | mode=market impulse=-0.8150 motivation=-0.1383 risk=-0.2251 replay=0.0278 self_state=stressed attractor=cooperate mean_energy=-1.8582 mean_motivation=-0.1080 mean_risk=-1.9125 mean_velocity=0.4653 clusters=1 memory_center=-0.1972 memory_strength=21
MCM_STATE | mode=market impulse=1.2556 motivation=0.2963 risk=-0.1396 replay=-0.0084 self_state=stressed attractor=defense mean_energy=-0.3492 mean_motivation=0.1586 mean_risk=-2.0355 mean_velocity=0.3300 clusters=1 memory_center=-2.2504 memory_strength=33
MCM_STATE | mode=market impulse=0.7643 motivation=0.0764 risk=-0.0527 replay=-0.0134 self_state=stressed attractor=cooperate mean_energy=-0.5817 mean_motivation=-0.0288 mean_risk=-2.0284 mean_velocity=0.1354 clusters=1 memory_center=0.2997 memory_strength=31
MCM_STATE | mode=market impulse=-0.8120 motivation=-0.0780 risk=-0.2006 replay=-0.0230 self_state=stressed attractor=cooperate mean_energy=-1.3790 mean_motivation=-0.1069 mean_risk=-2.0124 mean_velocity=0.6351 clusters=1 memory_center=1.0003 memory_strength=32
MCM_STATE | mode=market impulse=0.5770 motivation=0.1914 risk=-0.1315 replay=-0.0014 self_state=stressed attractor=cooperate mean_energy=1.8233 mean_motivation=0.3542 mean_risk=-1.9175 mean_velocity=0.3786 clusters=1 memory_center=0.3981 memory_strength=20
MCM_STATE | mode=market impulse=0.9649 motivation=0.2414 risk=-0.1696 replay=-0.0038 self_state=stressed attractor=explore mean_energy=2.3909 mean_motivation=0.4104 mean_risk=-2.0649 mean_velocity=0.5281 clusters=1 memory_center=2.0132 memory_strength=42
MCM_STATE | mode=market impulse=0.8451 motivation=0.2025 risk=-0.0744 replay=-0.0014 self_state=stressed attractor=cooperate mean_energy=2.3544 mean_motivation=0.3802 mean_risk=-1.9574 mean_velocity=0.5859 clusters=1 memory_center=1.1447 memory_strength=31
MCM_STATE | mode=market impulse=1.0068 motivation=0.2438 risk=-0.1360 replay=0.0086 self_state=stressed attractor=neutral mean_energy=1.3202 mean_motivation=0.1672 mean_risk=-2.1238 mean_velocity=0.3679 clusters=1 memory_center=1.2912 memory_strength=26
MCM_STATE | mode=market impulse=-0.5592 motivation=-0.0531 risk=-0.1363 replay=-0.0082 self_state=stressed attractor=neutral mean_energy=-0.1728 mean_motivation=0.0058 mean_risk=-2.0727 mean_velocity=0.1718 clusters=1 memory_center=1.3692 memory_strength=27
MCM_STATE | mode=market impulse=-0.1799 motivation=0.0394 risk=-0.1783 replay=0.0086 self_state=stressed attractor=defense mean_energy=-1.5875 mean_motivation=0.0888 mean_risk=-2.0082 mean_velocity=0.2757 clusters=1 memory_center=-1.4085 memory_strength=33
MCM_STATE | mode=market impulse=0.2886 motivation=0.0831 risk=-0.0663 replay=0.0040 self_state=stressed attractor=defense mean_energy=-1.9384 mean_motivation=-0.0433 mean_risk=-1.9297 mean_velocity=0.2242 clusters=1 memory_center=-2.3924 memory_strength=25
MCM_STATE | mode=market impulse=-0.3892 motivation=-0.0855 risk=-0.1668 replay=0.0242 self_state=stressed attractor=explore mean_energy=1.4284 mean_motivation=0.1527 mean_risk=-1.9273 mean_velocity=0.1241 clusters=1 memory_center=2.2580 memory_strength=33
MCM_STATE | mode=market impulse=-1.2356 motivation=-0.1297 risk=-0.2836 replay=0.0103 self_state=stressed attractor=defense mean_energy=-2.5079 mean_motivation=-0.1121 mean_risk=-2.0258 mean_velocity=0.6920 clusters=1 memory_center=-1.0442 memory_strength=19
MCM_STATE | mode=market impulse=-0.7291 motivation=-0.0918 risk=-0.1632 replay=-0.0023 self_state=stressed attractor=defense mean_energy=-2.4965 mean_motivation=-0.1756 mean_risk=-2.0922 mean_velocity=0.6051 clusters=1 memory_center=-2.4972 memory_strength=44
MCM_STATE | mode=market impulse=-0.5249 motivation=-0.0418 risk=-0.1484 replay=0.0103 self_state=stressed attractor=defense mean_energy=-0.9370 mean_motivation=0.0474 mean_risk=-1.9939 mean_velocity=0.2909 clusters=1 memory_center=-2.5048 memory_strength=26
MCM_STATE | mode=outcome impulse=-0.9369 motivation=-0.2261 risk=-0.2235 replay=-0.0108 self_state=stressed attractor=cooperate mean_energy=0.1267 mean_motivation=-0.0071 mean_risk=-1.9235 mean_velocity=0.1681 clusters=1 memory_center=-0.0001 memory_strength=37
MCM_STATE | mode=market impulse=0.1014 motivation=0.0434 risk=-0.0393 replay=0.0154 self_state=stressed attractor=neutral mean_energy=1.9667 mean_motivation=0.1878 mean_risk=-1.9737 mean_velocity=0.2425 clusters=1 memory_center=1.2814 memory_strength=30
MCM_STATE | mode=market impulse=0.1150 motivation=0.0111 risk=-0.0562 replay=-0.0099 self_state=stressed attractor=explore mean_energy=2.2077 mean_motivation=0.4695 mean_risk=-2.0449 mean_velocity=0.3715 clusters=1 memory_center=2.2611 memory_strength=22
MCM_STATE | mode=market impulse=0.6134 motivation=0.1198 risk=-0.0868 replay=-0.0099 self_state=stressed attractor=explore mean_energy=1.6710 mean_motivation=0.3729 mean_risk=-2.0313 mean_velocity=0.3018 clusters=1 memory_center=2.3550 memory_strength=33
MCM_STATE | mode=market impulse=0.9965 motivation=0.1973 risk=-0.1260 replay=-0.0194 self_state=stressed attractor=neutral mean_energy=2.2731 mean_motivation=0.1828 mean_risk=-1.8402 mean_velocity=0.4755 clusters=1 memory_center=1.2052 memory_strength=34
MCM_STATE | mode=market impulse=0.2606 motivation=0.0684 risk=-0.0535 replay=0.0359 self_state=stressed attractor=neutral mean_energy=-1.5690 mean_motivation=-0.0355 mean_risk=-1.8307 mean_velocity=0.1392 clusters=1 memory_center=1.2088 memory_strength=21
MCM_STATE | mode=market impulse=-0.3052 motivation=0.0072 risk=-0.1578 replay=0.0220 self_state=stressed attractor=defense mean_energy=-1.3021 mean_motivation=0.0210 mean_risk=-1.7501 mean_velocity=0.3698 clusters=1 memory_center=-0.8003 memory_strength=24
MCM_STATE | mode=market impulse=1.1542 motivation=0.2770 risk=-0.1416 replay=-0.0255 self_state=stressed attractor=defense mean_energy=-0.7298 mean_motivation=0.1343 mean_risk=-1.8157 mean_velocity=0.2289 clusters=1 memory_center=-2.2154 memory_strength=25
MCM_STATE | mode=market impulse=-1.2017 motivation=-0.0470 risk=-0.2675 replay=-0.0291 self_state=stressed attractor=defense mean_energy=-2.4829 mean_motivation=-0.0439 mean_risk=-2.1176 mean_velocity=0.5831 clusters=1 memory_center=-0.7022 memory_strength=21
MCM_STATE | mode=market impulse=0.6460 motivation=0.1517 risk=-0.0576 replay=0.0220 self_state=stressed attractor=defense mean_energy=-1.1400 mean_motivation=0.0494 mean_risk=-1.9645 mean_velocity=0.1377 clusters=1 memory_center=-2.1935 memory_strength=35
MCM_STATE | mode=market impulse=1.4066 motivation=0.3174 risk=-0.1714 replay=-0.0024 self_state=stressed attractor=defense mean_energy=-0.7854 mean_motivation=0.0636 mean_risk=-2.1231 mean_velocity=0.1464 clusters=1 memory_center=-2.4734 memory_strength=53
MCM_STATE | mode=outcome impulse=-0.1855 motivation=-0.0517 risk=-0.0718 replay=0.0085 self_state=stressed attractor=defense mean_energy=-2.4549 mean_motivation=-0.2473 mean_risk=-2.0633 mean_velocity=0.5362 clusters=1 memory_center=-2.5034 memory_strength=41
MCM_STATE | mode=market impulse=-0.3378 motivation=-0.0448 risk=-0.0832 replay=0.0145 self_state=stressed attractor=cooperate mean_energy=0.2537 mean_motivation=0.0770 mean_risk=-1.8040 mean_velocity=0.1636 clusters=1 memory_center=0.1800 memory_strength=27
MCM_STATE | mode=market impulse=0.4899 motivation=0.1629 risk=-0.1652 replay=-0.0212 self_state=stressed attractor=defense mean_energy=-1.4564 mean_motivation=0.0433 mean_risk=-1.8851 mean_velocity=0.1272 clusters=1 memory_center=-2.4326 memory_strength=26
MCM_STATE | mode=outcome impulse=-0.9323 motivation=-0.2261 risk=-0.2235 replay=0.0148 self_state=stressed attractor=cooperate mean_energy=0.1160 mean_motivation=0.0178 mean_risk=-1.9049 mean_velocity=0.1849 clusters=1 memory_center=0.0842 memory_strength=46
MCM_STATE | mode=market impulse=-0.8496 motivation=-0.1129 risk=-0.2151 replay=0.0156 self_state=stressed attractor=explore mean_energy=1.2849 mean_motivation=0.0901 mean_risk=-1.8824 mean_velocity=0.1459 clusters=1 memory_center=2.4064 memory_strength=23
MCM_STATE | mode=market impulse=-1.1597 motivation=-0.1344 risk=-0.3160 replay=-0.0081 self_state=stressed attractor=explore mean_energy=0.6108 mean_motivation=0.1513 mean_risk=-2.0358 mean_velocity=0.2081 clusters=1 memory_center=2.2897 memory_strength=34
MCM_STATE | mode=market impulse=-0.5652 motivation=-0.0406 risk=-0.1594 replay=0.0142 self_state=stressed attractor=cooperate mean_energy=-1.1662 mean_motivation=-0.0527 mean_risk=-2.0368 mean_velocity=0.4384 clusters=1 memory_center=1.1834 memory_strength=31
MCM_STATE | mode=market impulse=0.4542 motivation=0.0975 risk=-0.0547 replay=0.0042 self_state=stressed attractor=cooperate mean_energy=0.2301 mean_motivation=0.1229 mean_risk=-1.8051 mean_velocity=0.2264 clusters=1 memory_center=0.3534 memory_strength=20
MCM_STATE | mode=market impulse=0.9237 motivation=0.1422 risk=-0.1485 replay=0.0275 self_state=stressed attractor=cooperate mean_energy=0.9196 mean_motivation=0.1771 mean_risk=-1.8847 mean_velocity=0.4383 clusters=1 memory_center=0.1783 memory_strength=25
MCM_STATE | mode=market impulse=0.7126 motivation=0.2093 risk=-0.1256 replay=-0.0176 self_state=stressed attractor=cooperate mean_energy=1.1929 mean_motivation=0.2143 mean_risk=-1.8122 mean_velocity=0.3047 clusters=1 memory_center=0.3428 memory_strength=37
MCM_STATE | mode=market impulse=0.6139 motivation=0.1245 risk=-0.0775 replay=-0.0176 self_state=stressed attractor=explore mean_energy=2.1370 mean_motivation=0.2679 mean_risk=-1.5763 mean_velocity=0.3564 clusters=1 memory_center=2.2772 memory_strength=37
MCM_STATE | mode=market impulse=1.1481 motivation=0.2417 risk=-0.1273 replay=0.0085 self_state=stressed attractor=defense mean_energy=-0.0613 mean_motivation=0.1047 mean_risk=-1.8491 mean_velocity=0.2535 clusters=1 memory_center=-0.7749 memory_strength=21
MCM_STATE | mode=market impulse=-0.0378 motivation=-0.0233 risk=-0.0699 replay=-0.0100 self_state=stressed attractor=defense mean_energy=-1.3912 mean_motivation=-0.0176 mean_risk=-1.9292 mean_velocity=0.1898 clusters=1 memory_center=-1.5416 memory_strength=28
MCM_STATE | mode=market impulse=0.0127 motivation=-0.0214 risk=-0.1164 replay=-0.0028 self_state=stressed attractor=defense mean_energy=-1.2301 mean_motivation=-0.0575 mean_risk=-1.7797 mean_velocity=0.2755 clusters=1 memory_center=-0.6051 memory_strength=37
MCM_STATE | mode=market impulse=-0.9516 motivation=-0.0828 risk=-0.2265 replay=-0.0244 self_state=stressed attractor=defense mean_energy=-2.3591 mean_motivation=-0.0619 mean_risk=-1.8550 mean_velocity=0.5141 clusters=1 memory_center=-1.2109 memory_strength=32
MCM_STATE | mode=market impulse=0.4557 motivation=0.0747 risk=-0.0972 replay=0.0353 self_state=stressed attractor=defense mean_energy=-1.1323 mean_motivation=-0.0016 mean_risk=-1.9000 mean_velocity=0.1417 clusters=1 memory_center=-1.7933 memory_strength=38
MCM_STATE | mode=market impulse=0.2239 motivation=0.0536 risk=-0.0302 replay=0.0093 self_state=stressed attractor=defense mean_energy=-1.2377 mean_motivation=0.0130 mean_risk=-1.9127 mean_velocity=0.2459 clusters=1 memory_center=-1.6571 memory_strength=22
MCM_STATE | mode=market impulse=-0.9854 motivation=-0.0762 risk=-0.2612 replay=0.0353 self_state=stressed attractor=defense mean_energy=-2.4088 mean_motivation=0.0017 mean_risk=-2.1287 mean_velocity=0.4922 clusters=1 memory_center=-1.6497 memory_strength=29
MCM_STATE | mode=market impulse=-0.6699 motivation=-0.0430 risk=-0.1499 replay=0.0204 self_state=stressed attractor=defense mean_energy=-2.3405 mean_motivation=-0.0630 mean_risk=-1.9227 mean_velocity=0.4357 clusters=1 memory_center=-2.4424 memory_strength=37
MCM_STATE | mode=market impulse=0.4146 motivation=0.0280 risk=-0.0768 replay=0.0082 self_state=stressed attractor=defense mean_energy=-0.7997 mean_motivation=-0.0060 mean_risk=-2.0178 mean_velocity=0.2693 clusters=1 memory_center=-2.4162 memory_strength=37
MCM_STATE | mode=market impulse=0.3425 motivation=0.1054 risk=-0.1400 replay=0.0279 self_state=stressed attractor=cooperate mean_energy=-0.0286 mean_motivation=0.1136 mean_risk=-1.7898 mean_velocity=0.1580 clusters=1 memory_center=0.6218 memory_strength=22
MCM_STATE | mode=market impulse=-1.0763 motivation=-0.1320 risk=-0.2877 replay=0.0274 self_state=stressed attractor=neutral mean_energy=-0.1761 mean_motivation=0.0807 mean_risk=-1.9100 mean_velocity=0.3833 clusters=1 memory_center=1.2833 memory_strength=33
MCM_STATE | mode=market impulse=-0.6371 motivation=-0.0865 risk=-0.1963 replay=0.0140 self_state=stressed attractor=explore mean_energy=1.4938 mean_motivation=0.3700 mean_risk=-2.0145 mean_velocity=0.2192 clusters=1 memory_center=2.3942 memory_strength=34
MCM_STATE | mode=market impulse=-0.2763 motivation=-0.0040 risk=-0.0904 replay=0.0204 self_state=stressed attractor=explore mean_energy=-0.5921 mean_motivation=0.2244 mean_risk=-2.0465 mean_velocity=0.2443 clusters=1 memory_center=2.4050 memory_strength=28
MCM_STATE | mode=market impulse=0.5271 motivation=0.1656 risk=-0.1565 replay=0.0358 self_state=stressed attractor=cooperate mean_energy=1.3110 mean_motivation=0.1033 mean_risk=-1.9956 mean_velocity=0.4164 clusters=1 memory_center=0.7005 memory_strength=27
MCM_STATE | mode=market impulse=0.2593 motivation=-0.0216 risk=-0.1537 replay=-0.0152 self_state=stressed attractor=cooperate mean_energy=0.2572 mean_motivation=0.0646 mean_risk=-2.0004 mean_velocity=0.2245 clusters=1 memory_center=0.2024 memory_strength=17
MCM_STATE | mode=market impulse=1.4329 motivation=0.3264 risk=-0.1766 replay=0.0084 self_state=stressed attractor=defense mean_energy=0.2917 mean_motivation=0.1298 mean_risk=-2.0504 mean_velocity=0.4739 clusters=1 memory_center=-2.4147 memory_strength=26
MCM_STATE | mode=market impulse=1.1845 motivation=0.2380 risk=-0.1481 replay=-0.0015 self_state=stressed attractor=defense mean_energy=-0.8173 mean_motivation=0.1171 mean_risk=-2.1334 mean_velocity=0.1882 clusters=1 memory_center=-2.4388 memory_strength=28
MCM_STATE | mode=market impulse=-0.5427 motivation=-0.0248 risk=-0.1187 replay=0.0031 self_state=stressed attractor=defense mean_energy=0.3633 mean_motivation=0.1798 mean_risk=-1.6801 mean_velocity=0.1863 clusters=1 memory_center=-0.8331 memory_strength=45
MCM_STATE | mode=market impulse=-0.7258 motivation=-0.1059 risk=-0.2211 replay=-0.0015 self_state=stressed attractor=defense mean_energy=-1.3061 mean_motivation=-0.1036 mean_risk=-2.0614 mean_velocity=0.4032 clusters=1 memory_center=-0.4826 memory_strength=29
MCM_STATE | mode=market impulse=1.1644 motivation=0.2361 risk=-0.1402 replay=-0.0247 self_state=stressed attractor=defense mean_energy=0.6254 mean_motivation=0.1684 mean_risk=-1.8869 mean_velocity=0.4252 clusters=1 memory_center=-0.9092 memory_strength=26
MCM_STATE | mode=market impulse=-0.0282 motivation=-0.0321 risk=-0.1071 replay=-0.0043 self_state=stressed attractor=explore mean_energy=-2.0514 mean_motivation=-0.1366 mean_risk=-2.0169 mean_velocity=0.2847 clusters=1 memory_center=2.1544 memory_strength=20
MCM_STATE | mode=market impulse=0.4753 motivation=0.0652 risk=-0.0915 replay=-0.0015 self_state=stressed attractor=defense mean_energy=1.7565 mean_motivation=0.2704 mean_risk=-1.9179 mean_velocity=0.3796 clusters=1 memory_center=-0.7371 memory_strength=19
MCM_STATE | mode=market impulse=1.0048 motivation=0.2497 risk=-0.1167 replay=-0.0162 self_state=stressed attractor=cooperate mean_energy=-0.0499 mean_motivation=0.1237 mean_risk=-2.0887 mean_velocity=0.1498 clusters=1 memory_center=1.1241 memory_strength=15
MCM_STATE | mode=market impulse=-0.1847 motivation=0.0266 risk=-0.1333 replay=0.0020 self_state=stressed attractor=defense mean_energy=-0.2800 mean_motivation=0.1333 mean_risk=-1.9948 mean_velocity=0.1451 clusters=1 memory_center=-1.1379 memory_strength=20
MCM_STATE | mode=market impulse=0.1799 motivation=0.0680 risk=-0.0181 replay=0.0183 self_state=stressed attractor=defense mean_energy=-0.3509 mean_motivation=0.0836 mean_risk=-1.6030 mean_velocity=0.1953 clusters=1 memory_center=-0.4377 memory_strength=24
MCM_STATE | mode=market impulse=0.0742 motivation=0.0124 risk=-0.0683 replay=-0.0281 self_state=stressed attractor=defense mean_energy=-1.3370 mean_motivation=0.0379 mean_risk=-1.5755 mean_velocity=0.2159 clusters=1 memory_center=-1.4858 memory_strength=32
MCM_STATE | mode=market impulse=0.5858 motivation=0.0856 risk=-0.1100 replay=-0.0015 self_state=stressed attractor=defense mean_energy=1.8844 mean_motivation=0.2331 mean_risk=-1.6286 mean_velocity=0.4364 clusters=1 memory_center=-0.4012 memory_strength=22
MCM_STATE | mode=market impulse=-0.9184 motivation=-0.0603 risk=-0.2076 replay=0.0069 self_state=stressed attractor=cooperate mean_energy=-1.7094 mean_motivation=-0.0099 mean_risk=-1.6777 mean_velocity=0.5057 clusters=1 memory_center=0.0967 memory_strength=20
MCM_STATE | mode=market impulse=-0.8736 motivation=-0.0897 risk=-0.1983 replay=0.0125 self_state=stressed attractor=defense mean_energy=0.7150 mean_motivation=0.1727 mean_risk=-1.8842 mean_velocity=0.1457 clusters=1 memory_center=-2.1085 memory_strength=20
MCM_STATE | mode=market impulse=-0.7763 motivation=-0.0648 risk=-0.1592 replay=-0.0041 self_state=stressed attractor=defense mean_energy=-2.2822 mean_motivation=-0.0474 mean_risk=-1.9535 mean_velocity=0.4081 clusters=1 memory_center=-2.4321 memory_strength=28
MCM_STATE | mode=market impulse=-0.8469 motivation=-0.1484 risk=-0.2358 replay=0.0136 self_state=stressed attractor=cooperate mean_energy=-1.7725 mean_motivation=-0.1531 mean_risk=-2.0888 mean_velocity=0.5994 clusters=1 memory_center=1.1344 memory_strength=20
MCM_STATE | mode=market impulse=0.3902 motivation=0.0957 risk=-0.0343 replay=-0.0223 self_state=stressed attractor=defense mean_energy=-0.8870 mean_motivation=0.0242 mean_risk=-1.7958 mean_velocity=0.1999 clusters=1 memory_center=-1.2776 memory_strength=26
MCM_STATE | mode=market impulse=1.0118 motivation=0.2311 risk=-0.0850 replay=0.0136 self_state=stressed attractor=defense mean_energy=-0.4700 mean_motivation=0.1036 mean_risk=-1.9945 mean_velocity=0.2088 clusters=1 memory_center=-2.5017 memory_strength=39
MCM_STATE | mode=market impulse=-1.0405 motivation=-0.1075 risk=-0.2324 replay=0.0210 self_state=stressed attractor=defense mean_energy=-2.5036 mean_motivation=-0.1605 mean_risk=-1.7981 mean_velocity=0.6489 clusters=1 memory_center=-2.3416 memory_strength=41
MCM_STATE | mode=market impulse=0.4786 motivation=0.1126 risk=-0.0421 replay=0.0136 self_state=stressed attractor=defense mean_energy=1.3888 mean_motivation=0.2032 mean_risk=-1.7401 mean_velocity=0.3114 clusters=1 memory_center=-0.5626 memory_strength=17
MCM_STATE | mode=market impulse=1.2378 motivation=0.2789 risk=-0.1285 replay=-0.0068 self_state=stressed attractor=cooperate mean_energy=-0.9693 mean_motivation=0.1004 mean_risk=-1.9130 mean_velocity=0.1476 clusters=1 memory_center=-0.0593 memory_strength=17
MCM_STATE | mode=market impulse=-0.4949 motivation=-0.0295 risk=-0.1268 replay=0.0083 self_state=stressed attractor=defense mean_energy=-2.0814 mean_motivation=-0.0493 mean_risk=-1.8549 mean_velocity=0.4592 clusters=1 memory_center=-0.8599 memory_strength=21
MCM_STATE | mode=market impulse=0.1592 motivation=0.0381 risk=-0.0452 replay=0.0125 self_state=stressed attractor=defense mean_energy=-1.0597 mean_motivation=0.0839 mean_risk=-1.8763 mean_velocity=0.2844 clusters=1 memory_center=-1.2559 memory_strength=33
MCM_STATE | mode=market impulse=-0.9464 motivation=-0.0963 risk=-0.2030 replay=0.0083 self_state=stressed attractor=cooperate mean_energy=-0.2814 mean_motivation=0.0515 mean_risk=-1.9110 mean_velocity=0.2798 clusters=1 memory_center=1.1035 memory_strength=23
MCM_STATE | mode=market impulse=-0.9205 motivation=-0.0887 risk=-0.2289 replay=-0.0080 self_state=stressed attractor=cooperate mean_energy=-1.7918 mean_motivation=-0.0844 mean_risk=-2.0224 mean_velocity=0.4961 clusters=1 memory_center=0.4589 memory_strength=19
MCM_STATE | mode=market impulse=0.8956 motivation=0.1850 risk=-0.0830 replay=-0.0033 self_state=stressed attractor=defense mean_energy=-1.0888 mean_motivation=0.0571 mean_risk=-2.0259 mean_velocity=0.1411 clusters=1 memory_center=-2.3161 memory_strength=45
MCM_STATE | mode=market impulse=-0.6705 motivation=-0.0851 risk=-0.1316 replay=0.0208 self_state=stressed attractor=cooperate mean_energy=-0.2583 mean_motivation=0.0594 mean_risk=-2.0044 mean_velocity=0.2715 clusters=1 memory_center=0.6825 memory_strength=25
MCM_STATE | mode=market impulse=-0.5642 motivation=-0.0491 risk=-0.0874 replay=-0.0248 self_state=stressed attractor=defense mean_energy=-1.3433 mean_motivation=0.0589 mean_risk=-1.8828 mean_velocity=0.3181 clusters=1 memory_center=-0.7311 memory_strength=32
MCM_STATE | mode=market impulse=0.8469 motivation=0.0987 risk=-0.2034 replay=-0.0080 self_state=stressed attractor=cooperate mean_energy=1.8428 mean_motivation=0.1382 mean_risk=-1.9880 mean_velocity=0.3380 clusters=1 memory_center=1.1010 memory_strength=35
MCM_STATE | mode=market impulse=-0.5919 motivation=-0.0348 risk=-0.1164 replay=-0.0088 self_state=stressed attractor=neutral mean_energy=0.3508 mean_motivation=0.0357 mean_risk=-1.9396 mean_velocity=0.2038 clusters=1 memory_center=1.3958 memory_strength=34
MCM_STATE | mode=market impulse=0.9794 motivation=0.1812 risk=-0.1203 replay=0.0128 self_state=stressed attractor=defense mean_energy=-1.2863 mean_motivation=0.0048 mean_risk=-2.1191 mean_velocity=0.1546 clusters=1 memory_center=-2.4810 memory_strength=29
MCM_STATE | mode=market impulse=0.7004 motivation=0.1864 risk=-0.1670 replay=-0.0227 self_state=stressed attractor=defense mean_energy=-0.5325 mean_motivation=0.1879 mean_risk=-1.9729 mean_velocity=0.2124 clusters=1 memory_center=-0.7708 memory_strength=31
MCM_STATE | mode=market impulse=-0.6672 motivation=-0.0806 risk=-0.1415 replay=-0.0298 self_state=stressed attractor=neutral mean_energy=1.2798 mean_motivation=0.2219 mean_risk=-1.9604 mean_velocity=0.1156 clusters=1 memory_center=1.2791 memory_strength=25
MCM_STATE | mode=market impulse=0.7398 motivation=0.0937 risk=-0.1437 replay=-0.0069 self_state=stressed attractor=defense mean_energy=-0.4595 mean_motivation=0.1034 mean_risk=-1.9139 mean_velocity=0.2273 clusters=1 memory_center=-1.4592 memory_strength=33
MCM_STATE | mode=market impulse=1.4404 motivation=0.3282 risk=-0.1794 replay=-0.0248 self_state=stressed attractor=defense mean_energy=0.6421 mean_motivation=0.2660 mean_risk=-2.0688 mean_velocity=0.5517 clusters=1 memory_center=-1.3751 memory_strength=28
MCM_STATE | mode=outcome impulse=0.8255 motivation=0.2850 risk=-0.2085 replay=0.0026 self_state=stressed attractor=neutral mean_energy=2.3771 mean_motivation=0.4566 mean_risk=-1.9945 mean_velocity=0.5086 clusters=1 memory_center=1.2517 memory_strength=37
MCM_STATE | mode=market impulse=-0.7378 motivation=-0.0222 risk=-0.1114 replay=-0.0227 self_state=stressed attractor=cooperate mean_energy=-2.4684 mean_motivation=-0.0349 mean_risk=-1.9921 mean_velocity=0.5587 clusters=1 memory_center=1.0311 memory_strength=22
MCM_STATE | mode=market impulse=0.6346 motivation=0.1394 risk=-0.0501 replay=-0.0101 self_state=stressed attractor=defense mean_energy=-1.5699 mean_motivation=-0.0111 mean_risk=-1.9417 mean_velocity=0.1863 clusters=1 memory_center=-2.4463 memory_strength=39
MCM_STATE | mode=market impulse=1.0341 motivation=0.2562 risk=-0.1104 replay=0.0279 self_state=stressed attractor=cooperate mean_energy=1.8377 mean_motivation=0.3448 mean_risk=-1.9141 mean_velocity=0.4321 clusters=1 memory_center=0.5830 memory_strength=23
MCM_STATE | mode=market impulse=1.0134 motivation=0.2313 risk=-0.0941 replay=0.0285 self_state=stressed attractor=cooperate mean_energy=0.5513 mean_motivation=0.2714 mean_risk=-2.0624 mean_velocity=0.3066 clusters=1 memory_center=0.7944 memory_strength=26
MCM_STATE | mode=market impulse=-0.2763 motivation=0.0167 risk=-0.1622 replay=-0.0059 self_state=stressed attractor=defense mean_energy=-0.0024 mean_motivation=0.0898 mean_risk=-1.8216 mean_velocity=0.1456 clusters=1 memory_center=-1.4234 memory_strength=25
MCM_STATE | mode=market impulse=0.6484 motivation=0.1808 risk=-0.0981 replay=-0.0180 self_state=stressed attractor=cooperate mean_energy=0.2049 mean_motivation=0.1465 mean_risk=-1.9129 mean_velocity=0.2580 clusters=1 memory_center=-0.2523 memory_strength=22
MCM_STATE | mode=market impulse=-0.6528 motivation=-0.1273 risk=-0.2127 replay=0.0079 self_state=stressed attractor=defense mean_energy=-1.6210 mean_motivation=-0.0655 mean_risk=-1.9231 mean_velocity=0.2998 clusters=1 memory_center=-1.1018 memory_strength=22
MCM_STATE | mode=market impulse=-0.0222 motivation=0.0260 risk=-0.0649 replay=0.0020 self_state=stressed attractor=defense mean_energy=-1.8796 mean_motivation=-0.0213 mean_risk=-1.9423 mean_velocity=0.2727 clusters=1 memory_center=-0.9932 memory_strength=32
MCM_STATE | mode=market impulse=-1.4431 motivation=-0.0643 risk=-0.3424 replay=0.0220 self_state=stressed attractor=defense mean_energy=-2.5080 mean_motivation=-0.1441 mean_risk=-2.1441 mean_velocity=0.7995 clusters=1 memory_center=-2.2863 memory_strength=32
MCM_STATE | mode=market impulse=-0.3121 motivation=0.0048 risk=-0.1611 replay=0.0014 self_state=stressed attractor=cooperate mean_energy=-0.3893 mean_motivation=0.1165 mean_risk=-2.0213 mean_velocity=0.3322 clusters=1 memory_center=0.1210 memory_strength=23
MCM_STATE | mode=market impulse=1.0412 motivation=0.2541 risk=-0.1351 replay=0.0070 self_state=stressed attractor=defense mean_energy=-1.2063 mean_motivation=0.0443 mean_risk=-2.0808 mean_velocity=0.1543 clusters=1 memory_center=-2.4964 memory_strength=38
MCM_STATE | mode=market impulse=-1.1907 motivation=-0.1282 risk=-0.3052 replay=-0.0192 self_state=stressed attractor=defense mean_energy=-2.5080 mean_motivation=-0.1647 mean_risk=-2.1226 mean_velocity=0.7536 clusters=1 memory_center=-1.1808 memory_strength=24
MCM_STATE | mode=market impulse=-0.0922 motivation=-0.0696 risk=-0.1558 replay=-0.0093 self_state=stressed attractor=defense mean_energy=-1.6514 mean_motivation=-0.1028 mean_risk=-2.0300 mean_velocity=0.1696 clusters=1 memory_center=-2.4190 memory_strength=33
MCM_STATE | mode=market impulse=-0.3006 motivation=-0.0132 risk=-0.1019 replay=0.0123 self_state=stressed attractor=defense mean_energy=-2.1705 mean_motivation=-0.0945 mean_risk=-1.9808 mean_velocity=0.3093 clusters=1 memory_center=-2.2799 memory_strength=40
MCM_STATE | mode=market impulse=0.9941 motivation=0.2416 risk=-0.1305 replay=0.0204 self_state=stressed attractor=defense mean_energy=-1.2772 mean_motivation=0.0488 mean_risk=-2.1343 mean_velocity=0.1628 clusters=1 memory_center=-2.4595 memory_strength=54
MCM_STATE | mode=market impulse=0.2438 motivation=0.0966 risk=-0.1035 replay=0.0285 self_state=stressed attractor=defense mean_energy=2.1006 mean_motivation=0.2947 mean_risk=-1.9554 mean_velocity=0.3075 clusters=1 memory_center=-0.4260 memory_strength=28
MCM_STATE | mode=market impulse=-1.1265 motivation=-0.1353 risk=-0.3289 replay=-0.0212 self_state=stressed attractor=explore mean_energy=1.0049 mean_motivation=0.1665 mean_risk=-2.1372 mean_velocity=0.1475 clusters=1 memory_center=2.3289 memory_strength=36
MCM_STATE | mode=market impulse=0.7603 motivation=0.2080 risk=-0.1349 replay=-0.0020 self_state=stressed attractor=explore mean_energy=2.2858 mean_motivation=0.3802 mean_risk=-2.0152 mean_velocity=0.4308 clusters=1 memory_center=1.7303 memory_strength=25
MCM_STATE | mode=market impulse=1.0838 motivation=0.1955 risk=-0.1519 replay=0.0044 self_state=stressed attractor=explore mean_energy=2.4200 mean_motivation=0.4337 mean_risk=-2.0987 mean_velocity=0.7503 clusters=1 memory_center=2.3073 memory_strength=31
MCM_STATE | mode=market impulse=0.4349 motivation=0.0711 risk=-0.0775 replay=-0.0223 self_state=stressed attractor=defense mean_energy=-1.8130 mean_motivation=0.0180 mean_risk=-2.0734 mean_velocity=0.2192 clusters=1 memory_center=-2.4838 memory_strength=15
MCM_STATE | mode=market impulse=0.9286 motivation=0.2507 risk=-0.0952 replay=-0.0101 self_state=stressed attractor=defense mean_energy=-0.4355 mean_motivation=0.1627 mean_risk=-1.9119 mean_velocity=0.1629 clusters=1 memory_center=-0.8406 memory_strength=19
MCM_STATE | mode=market impulse=0.1512 motivation=0.0808 risk=-0.1322 replay=-0.0101 self_state=stressed attractor=explore mean_energy=2.0570 mean_motivation=0.2435 mean_risk=-2.0005 mean_velocity=0.3207 clusters=1 memory_center=2.1231 memory_strength=25
MCM_STATE | mode=market impulse=0.9927 motivation=0.1069 risk=-0.1544 replay=0.0208 self_state=stressed attractor=defense mean_energy=0.2001 mean_motivation=0.0702 mean_risk=-2.1135 mean_velocity=0.3132 clusters=1 memory_center=-2.4616 memory_strength=21
MCM_STATE | mode=market impulse=-1.0165 motivation=-0.0832 risk=-0.2725 replay=-0.0192 self_state=stressed attractor=defense mean_energy=-2.4922 mean_motivation=-0.1213 mean_risk=-2.0978 mean_velocity=0.5953 clusters=1 memory_center=-0.8255 memory_strength=19
MCM_STATE | mode=market impulse=-0.7090 motivation=-0.0754 risk=-0.1541 replay=-0.0192 self_state=stressed attractor=defense mean_energy=-0.7150 mean_motivation=0.0652 mean_risk=-1.9314 mean_velocity=0.3948 clusters=1 memory_center=-2.3494 memory_strength=21
MCM_STATE | mode=market impulse=0.5615 motivation=0.1193 risk=-0.0511 replay=-0.0088 self_state=stressed attractor=defense mean_energy=1.8579 mean_motivation=0.2373 mean_risk=-1.9238 mean_velocity=0.4585 clusters=1 memory_center=-0.7327 memory_strength=22
MCM_STATE | mode=market impulse=1.3804 motivation=0.3230 risk=-0.1477 replay=0.0060 self_state=stressed attractor=defense mean_energy=-0.1138 mean_motivation=0.1912 mean_risk=-1.8256 mean_velocity=0.3825 clusters=1 memory_center=-1.6599 memory_strength=20
MCM_STATE | mode=market impulse=-0.9660 motivation=-0.1004 risk=-0.2051 replay=0.0208 self_state=stressed attractor=defense mean_energy=-2.2825 mean_motivation=-0.0193 mean_risk=-2.0528 mean_velocity=0.4310 clusters=1 memory_center=-2.4588 memory_strength=15
MCM_STATE | mode=market impulse=-1.1333 motivation=-0.1125 risk=-0.2530 replay=-0.0022 self_state=stressed attractor=defense mean_energy=-2.4834 mean_motivation=-0.0543 mean_risk=-2.1406 mean_velocity=0.5760 clusters=1 memory_center=-2.3981 memory_strength=29
MCM_STATE | mode=market impulse=-1.2208 motivation=-0.1342 risk=-0.2840 replay=-0.0020 self_state=stressed attractor=defense mean_energy=-2.3759 mean_motivation=-0.0514 mean_risk=-2.0422 mean_velocity=0.5273 clusters=1 memory_center=-2.1520 memory_strength=41
MCM_STATE | mode=market impulse=-0.8902 motivation=-0.0718 risk=-0.2795 replay=0.0234 self_state=stressed attractor=defense mean_energy=0.1771 mean_motivation=0.0361 mean_risk=-2.1224 mean_velocity=0.1541 clusters=1 memory_center=-0.9087 memory_strength=36
MCM_STATE | mode=market impulse=0.5545 motivation=0.0872 risk=-0.1015 replay=0.0032 self_state=stressed attractor=defense mean_energy=0.4891 mean_motivation=0.1080 mean_risk=-1.8318 mean_velocity=0.2434 clusters=1 memory_center=-0.6553 memory_strength=32
MCM_STATE | mode=market impulse=0.8473 motivation=0.2148 risk=-0.1091 replay=0.0000 self_state=stressed attractor=explore mean_energy=1.5380 mean_motivation=0.2769 mean_risk=-1.9761 mean_velocity=0.2973 clusters=1 memory_center=2.3457 memory_strength=25
MCM_STATE | mode=market impulse=0.7684 motivation=0.2074 risk=-0.0834 replay=0.0081 self_state=stressed attractor=explore mean_energy=0.9693 mean_motivation=0.2168 mean_risk=-2.0467 mean_velocity=0.5190 clusters=1 memory_center=2.3183 memory_strength=20
MCM_STATE | mode=market impulse=-0.9879 motivation=-0.0973 risk=-0.2277 replay=0.0208 self_state=stressed attractor=neutral mean_energy=0.3015 mean_motivation=0.1201 mean_risk=-2.0342 mean_velocity=0.2416 clusters=1 memory_center=1.5070 memory_strength=32
MCM_STATE | mode=market impulse=-0.3728 motivation=-0.0174 risk=-0.0941 replay=0.0011 self_state=stressed attractor=defense mean_energy=-1.1468 mean_motivation=0.0666 mean_risk=-1.9636 mean_velocity=0.1954 clusters=1 memory_center=-2.2268 memory_strength=33
MCM_STATE | mode=market impulse=-0.7831 motivation=-0.1058 risk=-0.1716 replay=0.0032 self_state=stressed attractor=defense mean_energy=-2.3408 mean_motivation=-0.0911 mean_risk=-1.9866 mean_velocity=0.4366 clusters=1 memory_center=-1.9955 memory_strength=39
MCM_STATE | mode=market impulse=0.7742 motivation=0.1901 risk=-0.0806 replay=-0.0300 self_state=stressed attractor=defense mean_energy=-0.5075 mean_motivation=0.1519 mean_risk=-1.8903 mean_velocity=0.1571 clusters=1 memory_center=-1.4890 memory_strength=29
MCM_STATE | mode=market impulse=-1.1904 motivation=-0.1361 risk=-0.2832 replay=-0.0059 self_state=stressed attractor=explore mean_energy=-1.1177 mean_motivation=0.0032 mean_risk=-2.0050 mean_velocity=0.5660 clusters=1 memory_center=2.3860 memory_strength=20
MCM_STATE | mode=market impulse=1.8040 motivation=0.1676 risk=-0.2263 replay=0.0090 self_state=stressed attractor=cooperate mean_energy=2.1596 mean_motivation=0.1453 mean_risk=-2.0834 mean_velocity=0.6329 clusters=1 memory_center=0.7460 memory_strength=23
MCM_STATE | mode=market impulse=0.5352 motivation=0.1135 risk=-0.0566 replay=-0.0300 self_state=stressed attractor=explore mean_energy=1.6506 mean_motivation=0.2281 mean_risk=-1.9525 mean_velocity=0.2865 clusters=1 memory_center=2.3451 memory_strength=42
MCM_STATE | mode=market impulse=0.8080 motivation=0.0915 risk=-0.1256 replay=0.0001 self_state=stressed attractor=neutral mean_energy=2.3625 mean_motivation=0.1037 mean_risk=-1.9418 mean_velocity=0.4961 clusters=1 memory_center=1.5705 memory_strength=24
MCM_STATE | mode=market impulse=-0.9151 motivation=-0.0815 risk=-0.1890 replay=0.0181 self_state=stressed attractor=defense mean_energy=-1.6893 mean_motivation=-0.0153 mean_risk=-1.9408 mean_velocity=0.3748 clusters=1 memory_center=-0.6310 memory_strength=30
MCM_STATE | mode=market impulse=-0.4932 motivation=-0.0237 risk=-0.1132 replay=-0.0182 self_state=stressed attractor=cooperate mean_energy=0.0304 mean_motivation=0.0747 mean_risk=-1.8367 mean_velocity=0.1602 clusters=1 memory_center=0.5696 memory_strength=23
MCM_STATE | mode=market impulse=-1.2507 motivation=-0.1319 risk=-0.2972 replay=-0.0061 self_state=stressed attractor=cooperate mean_energy=-1.2098 mean_motivation=-0.0208 mean_risk=-2.0930 mean_velocity=0.6277 clusters=1 memory_center=0.2843 memory_strength=29
MCM_STATE | mode=market impulse=0.9099 motivation=0.1744 risk=-0.1152 replay=0.0065 self_state=stressed attractor=neutral mean_energy=2.1144 mean_motivation=0.2766 mean_risk=-1.9687 mean_velocity=0.4370 clusters=1 memory_center=1.2199 memory_strength=29
MCM_STATE | mode=market impulse=-0.9964 motivation=-0.0877 risk=-0.2386 replay=-0.0259 self_state=stressed attractor=cooperate mean_energy=-1.1182 mean_motivation=0.0524 mean_risk=-2.0745 mean_velocity=0.3658 clusters=1 memory_center=1.1645 memory_strength=21
MCM_STATE | mode=market impulse=1.0035 motivation=0.1779 risk=-0.1232 replay=0.0217 self_state=stressed attractor=defense mean_energy=-1.2826 mean_motivation=0.0281 mean_risk=-2.1321 mean_velocity=0.1645 clusters=1 memory_center=-2.3634 memory_strength=42
MCM_STATE | mode=market impulse=0.6542 motivation=0.1211 risk=-0.0840 replay=0.0217 self_state=stressed attractor=defense mean_energy=-1.5314 mean_motivation=0.0155 mean_risk=-1.9116 mean_velocity=0.1802 clusters=1 memory_center=-0.4082 memory_strength=29
MCM_STATE | mode=market impulse=0.3753 motivation=0.1190 risk=-0.1005 replay=0.0078 self_state=stressed attractor=defense mean_energy=-1.4682 mean_motivation=-0.0164 mean_risk=-1.9936 mean_velocity=0.1232 clusters=1 memory_center=-2.2811 memory_strength=26
MCM_STATE | mode=market impulse=-1.0360 motivation=-0.0912 risk=-0.2689 replay=-0.0289 self_state=stressed attractor=defense mean_energy=-2.4389 mean_motivation=-0.0482 mean_risk=-2.0709 mean_velocity=0.5192 clusters=1 memory_center=-1.4829 memory_strength=30
